-- phpMyAdmin SQL Dump
-- version 5.2.1
-- https://www.phpmyadmin.net/
--
-- 主機： 127.0.0.1
-- 產生時間： 2024-04-09 16:43:41
-- 伺服器版本： 10.4.28-MariaDB
-- PHP 版本： 8.0.28

SET SQL_MODE = "NO_AUTO_VALUE_ON_ZERO";
START TRANSACTION;
SET time_zone = "+00:00";


/*!40101 SET @OLD_CHARACTER_SET_CLIENT=@@CHARACTER_SET_CLIENT */;
/*!40101 SET @OLD_CHARACTER_SET_RESULTS=@@CHARACTER_SET_RESULTS */;
/*!40101 SET @OLD_COLLATION_CONNECTION=@@COLLATION_CONNECTION */;
/*!40101 SET NAMES utf8mb4 */;

--
-- 資料庫： `boundless_db`
--

-- --------------------------------------------------------

--
-- 資料表結構 `article`
--

CREATE TABLE `article` (
  `id` int(6) NOT NULL,
  `title` varchar(40) NOT NULL,
  `content` text NOT NULL,
  `img` varchar(100) NOT NULL,
  `category_id` int(2) NOT NULL,
  `author_id` tinyint(1) NOT NULL,
  `created_time` datetime NOT NULL,
  `valid` tinyint(1) NOT NULL DEFAULT 1,
  `comment_id` int(10) DEFAULT NULL,
  `user_id` int(6) DEFAULT NULL,
  `updated_time` datetime DEFAULT NULL
) ENGINE=InnoDB DEFAULT CHARSET=utf8mb4 COLLATE=utf8mb4_unicode_ci;

--
-- 傾印資料表的資料 `article`
--

INSERT INTO `article` (`id`, `title`, `content`, `img`, `category_id`, `author_id`, `created_time`, `valid`, `comment_id`, `user_id`, `updated_time`) VALUES
(1, '【歌詞小講堂】細野晴臣〈結束的季節〉（翻譯＆解析）', '〈結束的季節〉（終わりの季節）是日本流行樂巨匠細野晴臣，1972年為齊藤任弘創作的歌曲（使用「宇野もんど」名義作詞），本人親自演唱的self-cover版（Spotify），則收錄於1973年發行的首張個人專輯《HOSONO HOUSE》。本作是一首典型的民謠搖滾歌曲，言簡意賅、情境完整，標題「結束」所指的是一段「緣分」，以即將啟程之人的視角，描寫在車站和友人別離的場景', '細野晴臣〈結束的季節〉_1.webp', 1, 1, '2023-12-06 10:35:54', 1, 0, 0, NULL),
(2, '【歌詞小講堂】キリンジ／KIRINJI〈雨は毛布のように〉（翻譯＆解析）', '「キリンジ」（發音：KIRINJI，中文也常寫成漢字「麒麟兒」）是1996年由堀込高樹和堀込泰行兄弟組成的樂團，歷經兩次成員變動後，目前成為哥哥高樹的個人企劃，以「KIRINJI」的名義繼續活動。他們因複雜多彩的編曲，以及充滿獨特感性的歌詞，不分年齡獲得許多聽眾和職業音樂人的好評，成名曲〈Aliens〉（エイリアンズ／MV）曾多次被翻唱，是日本2000年代都會系、AO（Adult-Oriented Rock）音樂場景的重要樂團。', 'キリンジ／KIRINJI〈雨は毛布のように〉_1.webp', 1, 1, '2023-12-01 03:27:06', 1, 0, 0, NULL),
(3, '【本週我在聽】陶喆〈我喜歡〉', '〈我喜歡〉（Spotify） 收錄於陶喆2003年發行的新歌精選輯《樂之路》，是為麥當勞創作的廣告歌，原版歌詞的「常常麥當勞」在正式收錄時皆有修改（否則聽起來肯定很彆扭）。比起他較知名的批判路線歌曲或「陶式情歌」，旋律輕快、內容簡單的〈我喜歡〉，算是其作品中的異類，很可惜地因此容易被忽略，其實這首小品也有不少亮點哦。', '陶喆〈我喜歡〉_1.PNG', 1, 1, '2023-11-30 09:41:02', 1, 0, 0, NULL),
(4, '【歌詞小講堂】椎名林檎〈私は猫の目〉（翻譯＆解析）', '〈我乃貓之眼〉屬於椎名林檎古典文學功力全開的作品，儘管內容本質上並不困難，不過因為用華麗的辭藻和技巧潤飾，即使已經翻譯成中文，直接看歌詞可能還是很吃力，所以先幫各位理清核心概念跟大綱，讀起來才會比較輕鬆。', '椎名林檎〈私は猫の目〉_1.PNG', 1, 1, '2023-12-02 16:28:20', 1, 0, 0, NULL),
(5, '【本週我在聽】椎名林檎〈私は猫の目〉', '今年出道25週年的日本音樂人椎名林檎，5月23日發表了自《長短祭／神明、佛祖》（長く短い祭/神様、仏様／Spotify）以來睽違8年的全新CD單曲《我乃貓之眼》（私は猫の目／Spotify），今天要介紹的便是主打歌〈我乃貓之眼〉。', '椎名林檎〈私は猫の目〉_2.PNG', 1, 1, '2023-12-05 03:11:37', 1, 0, 0, NULL),
(6, '【本週我在聽】Tajnic〈Parfum d\'Orient〉(Live Sess', '羅馬尼亞的爵士三重奏「Tajnic」，由鍵盤手Albert Tajti以及Nicolau兄弟——貝斯手Florian Nicolau與鼓手Iulian Nicolau組成，〈Parfum d\'Orient〉（東洋香水）是他們的最新作品，將作為明年專輯的第一曲目。本曲最大的亮點，無疑是Florian手上的土耳其傳統樂器「巴拉馬琴」(bağlama，別名saz)，其別於西方的特殊音律，為曲子覆上一層東方色彩的神秘面紗，而且在爵士樂使用中東樂器本就相當罕見，感覺格外新鮮，唯一可惜之處是演奏段落並不多，有些意猶未盡。', 'Tajnic〈Parfum d_Orient〉(Live Session)_1.png', 1, 1, '2023-11-30 04:18:33', 1, 0, 0, NULL),
(7, '【本週我在聽】東京事變〈群青日和〉（附中譯歌詞）', '〈群青日和〉最早收錄於2004年發行的同名單曲，是以創作歌手椎名林檎為中心的樂團——「東京事變」的出道作，不僅是他們銷量最高的單曲，MV中被聚光燈打照、演奏吉他的椎名也已然成為一種流行符號，廣泛出現於各種二次創作中。「群青」是一種帶紫韻的深藍色，有「藍色群聚」的意思，標題「群青日和」則是描述晴空萬里的畫面，個人臆想第一首作品如此取名除了基於內容，或許也隱含有志青年們齊聚一堂，試圖在流行音樂界發起事變之意，符合樂團成立的宗旨。', '東京事變〈群青日和〉_1.PNG', 1, 1, '2023-12-03 02:37:31', 1, 0, 0, NULL),
(8, '【本週我在聽】YUKI〈坂道のメロディ〉', '〈坂道のメロディ〉（2012／Spotify／私譯：坡道上的旋律）是動畫《坂道上的阿波羅》的片頭曲，由負責本作配樂的知名音樂家菅野洋子作、編曲，歌手YUKI填詞和演唱，當時光是片頭動畫，就讓我在看正片前喜歡上這部作品。動畫《坂道上的阿波羅》以錯綜的男女愛慕為主題，爵士樂為副題，角色們在劇中為了愛情和夢想的所向多次衝突，即使經過漫長歲月最終都能和解，劇情氛圍仍經常籠罩在壓抑之中。我們知道片頭曲會影響觀眾對作品的印象，而菅野對此壓抑在音樂上的回應，是賦予其輕快的旋律。', 'YUKI〈坂道のメロディ〉_1.PNG', 1, 1, '2023-12-06 07:04:21', 1, 0, 0, NULL),
(9, '【本週我在聽】indigo la End〈瞳のアドリブ〉', '以精湛演奏技術、隱晦而充滿感情的文學性歌詞聞名的「詩人搖滾樂團」indigola End，於4月19日發表了新曲〈瞳のアドリブ〉（私譯：眼瞳的即興演出），4月23日公開MV，其中多處令人想起早期的風格。〈瞳のアドリブ〉與樂團第三張EP《あの街レコード》（2014／Spotify／私譯：那個小鎮的紀錄）的體驗十分相似，首先最直接感受到的是久違的「奔跑感」，這裡不單指數值上的速度，而是包括律動、演唱、樂器演奏，整體結合營造出的一種「青春感性」，這在過去隨著樂團愈發成熟，已經逐漸消失。', 'indigo la End〈瞳のアドリブ〉_1.PNG', 1, 1, '2023-12-06 08:22:29', 1, 0, 0, NULL),
(10, '【本週我在聽】KIRINJI〈nestling〉', '日本音樂人堀込高樹於今年4月6日宣布創立新廠牌「syncokin」，由他主導、從樂團體制轉為個人音樂計畫的「KIRINJI」，也在4月11日發行睽違10個月、為電視劇《喧囂飯》（かしましめし）創作的新曲〈nestling〉（串流連結），作為廠牌首波發行的單曲。', 'KIRINJI〈nestling〉_1.PNG', 1, 1, '2023-12-02 12:19:07', 1, 0, 0, NULL),
(11, '【本週我在聽】坂本龍一〈Merry Christmas, Mr. Lawrenc', '相信有許多讀者和我一樣，自得知「教授」坂本龍一去世的消息後，便不斷反覆聆聽這首曲子，也許是想化解頓時襲來的複雜情緒，又或者只因這是身為聽眾的緬懷方式。為電影《俘虜》（戦場のメリークリスマス，1983）製作的主題曲〈MerryChristmas, Mr. Lawrence〉，可說是教授的代表作，個人最喜歡的其實是收錄於專輯《1996》（串流連結）中的三重奏版本，為了讓各位就近感受他生命尾聲的狀態，特別選了去年12月最後一次線上音樂會的版本。', '坂本龍一〈Merry Christmas, Mr. Lawrence〉_1.PNG', 1, 1, '2023-12-08 15:03:59', 1, 0, 0, NULL),
(12, '【本週我在聽】Sweet Trip〈Dsco〉', '〈Dsco〉（串流連結）出自以「夢幻音像」與「精湛製作技術」聞名的美國實驗電子樂團「Sweet Trip」之手，收錄於2003年發行的成名作《Velocity : Design: Comfort》，在這張充滿前衛噪音的專輯中，獨樹一幟。最近身上背了各種雜事，而且不是每件都很順利，情緒偶爾難免會被低氣壓籠罩。只能說Sweet Trip出現得真是時候，這張兼具靜謐與能量的專輯，既可以創造自我對話的空間，也能提供重新振作的動力，而〈Dsco〉便是最具後者效果的曲目。', 'Sweet Trip〈Dsco〉_1.PNG', 1, 1, '2023-12-02 08:13:00', 1, 0, 0, NULL),
(13, '【本週我在聽】Cornelius《変わる消える》', '日本音樂人Cornelius（小山田圭吾），於2月22日發行了單曲《変わる消える》（日本海外串流顯示為「Change and Vanish」，自譯成「變化 消逝」）的實體唱片，並同步登錄串流平台。這次單曲共收錄四首曲目，包括三種版本的〈変わる消える〉以及〈続きを〉（自譯「接續」）一曲，皆由Cornelius作曲、前ゆらゆら帝国主唱兼吉他的坂本慎太郎填詞。', 'Cornelius《変わる消える》_1.PNG', 1, 1, '2023-12-01 00:01:48', 1, 0, 0, NULL),
(14, '【本週我在聽】亞細亞功夫世代〈某個小鎮的深藍色〉', '〈某個小鎮的深藍色〉（或る街の群青／串流連結）是日本搖滾樂團「亞細亞功夫世代」(ASIAN KUNG-FU GENERATION)，為松本大洋的漫畫《惡童當街》（鉄コン筋クリート）動畫電影版製作的主題曲，單曲於2006年發行，收錄在4th專輯《世界 世界 世界》(ワールド ワールド ワールド，2008)。劇中主角小黑與小白居住的「寶町」，是個破舊卻多彩，充滿黑道暴力卻不忘人情義理的城鎮，本曲既獨自成立，也在各方面完美契合了《惡童當街》的內容。', '亞細亞功夫世代〈某個小鎮的深藍色〉_1.PNG', 1, 1, '2023-11-30 00:25:17', 1, 0, 0, NULL),
(15, '【本週我在聽】GEZAN《あのち》', '四位團員加上長號、風笛、打擊樂器，以及從身邊熟人集結的十五人「聖歌隊」，日本另類搖滾樂團GEZAN以「GEAZN with Million Wish Collective」的名義，於今年2月1日發表了時隔三年的全新專輯《あのち》(ANOCHI)，雖然絕非悅耳動聽的作品，卻彷彿呼喚本能一般，奇妙地在肉體上與聽眾產生連結。', 'GEZAN《あのち》_1.PNG', 1, 1, '2023-11-30 10:58:25', 1, 0, 0, NULL),
(16, '那些在買七弦吉他前，需要注意的調 Tone 撇步！', '說到使用七弦電吉他的樂手你會先想到誰呢？現代人想到七弦吉他常常會想到90年代 Steve Vai、Korn樂團、Fear Factory 樂團等重金屬音樂，但其實常規的七弦電吉他出現甚早，一般認為爵士吉他手George Van Eps 於1930年代使用的 Epiphone 算是七弦電吉他的先驅（更不用說百年前很早就有七弦木吉他的存在）。不過在90年代的重金屬風格中，有別於80年代吉他音箱求快與技術的展現，這個時期的金屬的音樂風格更慢、更厚重，隨著時間遷移，近年無論是 Djent 這種 Metalcore 風格，或者是許多 Fusion 類型的吉他手，也都很大量地使用七弦吉他，當然這類在音色上追求更明亮氛圍的音樂，大幅增加演奏技巧的展現', '那些在買七弦吉他前，需要注意的調 Tone 撇步_1.png', 2, 1, '2023-12-04 10:30:15', 1, 0, 0, NULL),
(17, '為什麼你需要一顆 EQ 效果器？四種 EQ 效果器功能玩法', '從筆者個人角度來看，發現 EQ 效果器似乎越來越少出現在現代的單顆效果器盤了，不過在綜合效果器或電腦 Plugin 上卻仍然活躍，EQ 這種音箱跟效果器上都有的設計，真的有必要另外買一顆來使用嗎？EQ（Equalizer）或稱等化器，是指樂器上控制音色的單元，像是音箱上的低、中、高頻旋鈕，或者破音效果器上的 Tone 鈕都屬於 EQ 的範疇，也直接影響樂器通過器材表現出來的聲音效果；而 EQ 效果器主要提供更自由的頻率範圍，讓樂手可以更細地修整音色，但這種效果器的功能絕不止如此，它實際上是功能非常萬用的效果，今天我們就以吉他為例，來看看 EQ 效果器的魅力吧！', '為什麼你需要一顆 EQ 效果器？四種 EQ 效果器功能玩法_1.png', 2, 1, '2023-12-01 03:13:20', 1, 0, 0, NULL),
(18, '為什麼吉他指板上要打點，還一定要打在那些位置？指板標記形成脈絡的推論（一）', '這次的討論與之前我曾涉及過的議題有些許不同。在過去的論述中，我提出的觀點要不是個人的觀察，不然就是對於已有結論的議題進行歸納與分析。但這次我想提出討論的「吉他指板上記號的形成理由與位置選擇」這項題目，是一個未成定論，沒有任何可信服的資料來源可供參考，但又常會被演奏者提出加以質疑的。因此，在冗長的論述與圖像討論後所獲致的，仍然是我個人的「推論」而非具有決定性的「結論」，畢竟提出作為討論的作品的製作者多半早已作古，而在指板記號的決定這件事上，多數的匠師是「依循既有、眾人皆可使用」的模式來製作，在溯源上自然更加困難。', '指板標記形成脈絡的推論（一）_1.png', 2, 1, '2023-12-08 07:37:57', 1, 0, 0, NULL),
(19, '為什麼吉他指板上要打點，還一定要打在那些位置？指板標記形成脈絡的推論（二）', '在吉他指板上特定位置打上標記的理由，一般認為是為了讓樂手在學習的過程中，能使用視覺快速定位，找到目前演奏的音與位置，進而理解與前後演奏的音與位置的關係，最後理解整個指板上不同音高的分布規則。這項目的也可以被理解為使用記號作為「明顯的標的」，將指板在視覺上「分割」成若干部分，以連結不同區域時的定位點。從「分割指板」的角度切入，最合理的第一個標記點，應該是位於琴弦有效長度的正中央，將琴弦長度分為兩等分的第12琴格、定音是空絃調音的高八度位置。但從現實的吉他歷史發展來看，似乎不是如此。', '指板標記形成脈絡的推論（二）_1.png', 2, 1, '2023-11-30 18:23:28', 1, 0, 0, NULL),
(20, '為什麼吉他指板上要打點，還一定要打在那些位置？指板標記形成脈絡的推論（三）', '從全空心的 Arch Top、半空心 Semi Hollow 再到實心 Solid Body 的琴身結構，裝上拾音器、能夠藉由擴大系統發出更大音量、更多音色的電吉他在20世紀出現後，能夠順暢演奏的音域或指板範圍也在不斷改進下越變越大。在能夠更輕鬆地演奏指板高音域內容的實心電吉他問世後，指板記號也因應增加。電貝斯的問世晚於電吉他，在設計上有許多部分基本上是電吉他的放大，在指板記號方式上與相同空絃調音（但是低八度）的四絃貝斯雷同也是理所當然', '指板標記形成脈絡的推論（三）_1.png', 2, 1, '2023-12-02 02:22:23', 1, 0, 0, NULL),
(21, '為什麼吉他指板上要打點，還一定要打在那些位置？指板標記形成脈絡的推論（四）', 'Stauffer 1830年代的吉他設計，琴頸與琴身共鳴箱體的相接處為第12格，演奏者可藉由按絃手、特別是大拇指的位置是否與琴身接觸來判定是否已到達有效絃長二等分處的第12格，此時沒有急迫的需求，在手感可以決定位置之處，再多做一個記號。當相接處的位置往後退至如當今鋼絃吉他主流設計的第14琴格時，在第12格作記號的必要性就出現了。', '指板標記形成脈絡的推論（四）_1.png', 2, 1, '2023-12-07 14:29:51', 1, 0, 0, '2023-12-13 14:09:00'),
(22, '做音樂用看的好嗎？ 如何利用各式表頭改善你的混音', '在我們把一堆燦爛炫目的 plugin 掛到主軌道之前，首先要檢查的是單軌訊號是否健康。如今所有的 DAW 都提供了一個以 0 dBFS（decibels relative to full scale）為基礎的音量表頭，但這個設計很容易讓人在錄音或混音時不斷往0的方向推進，導致每軌的訊號過大甚至 clipping，因此失去音樂所需要的動態。', '如何利用各式表頭改善你的混音_1.jpeg', 2, 1, '2023-12-05 21:26:18', 1, 0, 0, NULL),
(23, '重新投入單顆效果器盤，為什麼選擇小盤？', '重新投入單顆效果器盤，我為什麼選擇小盤？雖然綜合效果器技術日新月異，但從近年的市場不難看出來單顆效果器也是如雨後春筍般不斷地冒出頭，由於筆者最近賣出了 Quad Cortex 效果器，今天就來聊聊重新開始組新效果器盤的心得。', '重新投入單顆效果器盤，為什麼選擇小盤？_1.jpg', 2, 1, '2023-12-07 03:07:36', 1, 0, 0, NULL),
(24, '關於 PRS 的鳥，你可能知道可能不知道的事', '對於購買 PRS 吉他的使用者，最多人說的恭賀詞大概就是「恭喜養鳥」了，PRS 吉他與鳥的連結是如此之深，在數年前部分人甚至認為吉他指板鑲嵌沒有鳥的 PRS 吉他還不夠高級呢！在 SE 初中階吉他出現鳥鑲嵌時，著時也為這個系列加分不少，那麼你知道為什麼創辦人 Paul Reed Smith 是何時、又為何用鳥當作指板上的圖案嗎？今天我們就來看看 PRS 與鳥鑲嵌的故事，還有又有哪些鳥類在指板上吧！', '關於 PRS 的鳥，你可能知道可能不知道的事_1.png', 2, 1, '2023-12-03 14:41:30', 1, 0, 0, NULL),
(25, '如何使用重金屬破音效果器 BOSS MT-2？教你調出好聽的聲音', 'BOSS 在效果器圈中是擁有巨大影響力的品牌，當提到效果器的發展史時，BOSS 的發展絕對是不能不提的故事。它們的強大之處除了在開發出多款長賣型的單顆產品之外，綜合效果器也都能在市場上占有一席之地，近年更是在音箱等多個領域大獲成功。', '如何使用重金屬破音效果器 BOSS MT-2？_1.png', 2, 1, '2023-11-30 04:33:49', 1, 0, 0, NULL),
(26, '音箱取樣真的有那麼好用嗎？在實地測試幾個月後的心得', '還記得早年使用音箱模擬器材與軟體如 Line6 POD X3、Positive Grid 的 Jamup 等產品時，它們並沒有前級（Preamp）、後級（Power Amp）與箱體（Cab）分離的概念，當我轉到一顆模擬 MarshallJCM800 音箱時，它就是完整模擬出一個音箱頭加箱體透過麥克風收音的聲音，非常簡單，但從現在看來就比較缺乏可調性與變化。', '音箱取樣真的有那麼好用嗎？_1.png', 2, 1, '2023-12-02 12:52:20', 1, 0, 0, NULL),
(27, 'Eventide H910 Harmonizer ，心目中最「摩登」的效果器', '好吧，得承認在標題用上「摩登」兩字真是相當假掰，但以此表達 Eventide 在我心裡總是有種前衛、開創感覺的崇高地位。回到1970年，那是個市面上沒有數位音訊（digital audio）產品的年代，位於美國東岸的 Eventide 一開始推出的也是 Instant Phaser 這種純類比效果器。但就在1975年，H910 的出現稱得上石破天驚，這是歷史第一款商業販售、結合了 pitch shifting / modulation / delay 等的綜合數位效果器，售價4000美金（換算成現在的購買力大概是24000鎂……）。', 'Eventide H910 Harmonizer ，心目中最「摩登」的效果器_1.jpeg', 2, 1, '2023-12-05 08:22:08', 1, 0, 0, NULL),
(28, '電吉他弦怎麼選？購買指南看這篇', '吉他弦是人與吉他溝通的道具，手 Tone 的輕重緩急都透過弦反饋給吉他，說弦是影響音色最初的一環也不為過，尤其透過音箱、效果器的放大效果，弦的影響也會跟著變明顯，大家買弦時會注意哪些細節呢？今天我們就來簡單地聊聊選購電吉他弦吧！', '電吉他弦怎麼選？購買指南看這篇_1.jpg', 2, 1, '2023-11-30 16:52:38', 1, 0, 0, NULL),
(29, 'Gibson SG 要選61還是 Standard？', '在之前的文章中，我們提到 Gibson SG 在1961年正式推出時仍然掛名 Les Paul 的故事，實際上在當時整體產線也算是完整的繼承下來，除了 Standard 標準版外，有針對學生市場的 Junior 與 Special，還有外型高貴的 Custom 等級；當然在整個歷史發展過程中應對不同時期的市場策略，SG 吉他也有許多不同的改版，但由於 SG 產線彼此之間的差異遠較 Les Paul 系列小，所以我覺得可以從目前官方的型號，來看看它們之間較明顯的不同。', 'Gibson SG 要選61還是 Standard？_1.jpg', 2, 1, '2023-12-01 03:40:28', 1, 0, 0, '2023-12-13 11:23:00'),
(30, '電貝斯絃怎麼選？ 購買指南（一）', '裝上不同的琴絃，絃樂器將能發出各種不同的音色。沒有絃的絃樂器，只是一堆材料的組合，絃是賦予絃樂器生命的重要構件。樂器上的每個構件，大至琴身琴頸材料，小至護板螺絲，都會對音色與演奏者體驗產生影響；但琴絃絕對是其中最明顯重要的變數。', '電貝斯絃怎麼選？ 購買指南（一）_1.jpg', 2, 1, '2023-12-13 01:19:30', 1, 0, 0, NULL);

-- --------------------------------------------------------

--
-- 資料表結構 `article_category`
--

CREATE TABLE `article_category` (
  `id` int(2) NOT NULL,
  `name` varchar(4) NOT NULL
) ENGINE=InnoDB DEFAULT CHARSET=utf8mb4 COLLATE=utf8mb4_unicode_ci;

--
-- 傾印資料表的資料 `article_category`
--

INSERT INTO `article_category` (`id`, `name`) VALUES
(1, '樂評'),
(2, '技術');

-- --------------------------------------------------------

--
-- 資料表結構 `brand`
--

CREATE TABLE `brand` (
  `id` int(10) UNSIGNED NOT NULL,
  `name` varchar(20) NOT NULL,
  `valid` tinyint(1) NOT NULL DEFAULT 1
) ENGINE=InnoDB DEFAULT CHARSET=utf8mb4 COLLATE=utf8mb4_general_ci;

--
-- 傾印資料表的資料 `brand`
--

INSERT INTO `brand` (`id`, `name`, `valid`) VALUES
(1, 'YAMAHA', 1),
(2, 'Roland', 1),
(3, 'Ibanez', 1),
(4, 'Fender', 1),
(5, 'Zildjian', 1),
(6, 'Paiste', 1),
(7, 'Jupiter', 1),
(8, 'LienViolins', 1),
(9, 'David Lien', 1),
(10, 'Orange', 1),
(11, '其他', 1);

-- --------------------------------------------------------

--
-- 資料表結構 `classroom`
--

CREATE TABLE `classroom` (
  `id` int(3) NOT NULL,
  `name` varchar(50) DEFAULT NULL,
  `address` varchar(1000) DEFAULT NULL,
  `region_id` tinyint(1) DEFAULT NULL,
  `phone` varchar(30) DEFAULT NULL,
  `email` varchar(30) DEFAULT NULL,
  `valid` tinyint(1) NOT NULL,
  `price` int(3) DEFAULT NULL,
  `img` varchar(1000) NOT NULL,
  `created_time` datetime DEFAULT NULL,
  `onshelf_time` datetime DEFAULT NULL
) ENGINE=InnoDB DEFAULT CHARSET=utf8mb4 COLLATE=utf8mb4_unicode_ci;

--
-- 傾印資料表的資料 `classroom`
--

INSERT INTO `classroom` (`id`, `name`, `address`, `region_id`, `phone`, `email`, `valid`, `price`, `img`, `created_time`, `onshelf_time`) VALUES
(1, 'Statemusic', '新北市板橋區中山路二段101號地下一樓', 1, '0229517620', 'statethemusic@gmail.com', 1, 305, 'Statemusic.jpg', '2023-12-03 00:37:00', '2023-12-01 10:43:00'),
(2, '敦煌音樂教室', '台北市中山區建國北路二段一號 1F, 2F', 1, '0225000608', 'lesson@xz.com.tw', 1, 405, '敦煌音樂教室2F大練團室.jpg', '2023-11-30 14:40:00', '2023-12-01 04:11:00'),
(3, '0.3熱門音樂發展中心-練團室-小練', '台北市中正區忠孝西路一段7號1F', 1, '0223831780', 'Line ID : 477nzoad', 1, 250, '0.3熱門音樂發展中心-練團室-小練.JPG', '2023-12-02 13:00:00', '2023-12-05 16:14:00'),
(4, '0.3熱門音樂發展中心-練團室-大練', '台北市中正區忠孝西路一段7號1F', 1, '0223831780', 'Line ID : 477nzoad', 1, 250, '0.3熱門音樂發展中心-練團室-大練.JPG', '2023-12-03 02:54:00', '2023-12-02 18:49:00'),
(5, '0.3熱門音樂發展中心-Good-Show.jpeg', '台北市中正區忠孝西路一段7號1F', 1, '0223831780', 'Line ID : 477nzoad', 1, 500, '0.3熱門音樂發展中心-Good -Show.jpeg', '2023-12-05 12:25:00', '2023-12-05 11:13:00'),
(6, '夢成樂器行-Hz團室', '330桃園市桃園區復興路161號2樓', 1, '033314826', 'Dreammusic@gmail.com', 1, 300, '夢成樂器Hz團室.jpg', '2023-12-03 21:37:00', '2023-12-02 13:48:00'),
(7, '夢成樂器行-dB團室', '330桃園市桃園區復興路161號2樓', 1, '033314826', 'Dreammusic@gmail.com', 1, 300, '夢成樂器行dB團室.jpg', '2023-12-04 13:56:00', '2023-12-03 21:06:00'),
(8, 'Pocketmusicstudio -VIP 綠練', '桃園縣中壢市中平路86-1號4樓', 1, '034260895', 'Pocketmusicstudio@gmail.com', 1, 350, 'Pocketmusicstudio -VIP綠練.jpg', '2023-12-02 14:06:00', '2023-12-02 23:23:00'),
(9, 'Pocketmusicstudio -橘練', '桃園縣中壢市中平路86-1號4樓', 1, '034260895', 'Pocketmusicstudio@gmail.com', 1, 300, 'Pocketmusicstudio橘練.webp', '2023-12-03 22:16:00', '2023-12-03 00:42:00'),
(10, 'Pocketmusicstudio -紫練', '桃園縣中壢市中平路86-1號4樓', 1, '034260895', 'Pocketmusicstudio@gmail.com', 1, 250, 'Pocketmusicstudio紫練.webp', '2023-12-05 19:08:00', '2023-12-03 18:42:00'),
(11, '焦點音樂 Focus Music-F1練團室', '桃園縣中壢區復興路71號12樓', 1, '034254250', 'Focusmusic@gmail.com', 1, 410, '焦點音樂 Focus Music-F1練團室.jpeg', '2023-12-01 05:44:00', '2023-12-04 04:33:00'),
(12, '焦點音樂 Focus Music-F2練團室', '桃園縣中壢區復興路71號12樓', 1, '034254250', 'Focusmusic@gmail.com', 1, 320, '焦點音樂 Focus Music-F2練團室.jpeg', '2023-12-05 00:52:00', '2023-12-01 02:04:00'),
(13, '焦點音樂 Focus Music-F3練團室', '桃園縣中壢區復興路71號12樓', 1, '034254250', 'Focusmusic@gmail.com', 1, 320, '焦點音樂 Focus Music-F3練團室.jpeg', '2023-12-04 21:53:00', '2023-12-03 01:27:00'),
(14, '迴響樂手空間-文心櫻花店', '台中市西屯區文心路三段107之11號', 2, '0423159138', 'Line ID : ＠sound10711', 1, 350, '迴響樂手空間-文心店練團室.jpg', '2023-12-03 05:47:00', '2023-12-02 07:40:00'),
(15, '迴響樂手空間-三民店', '台中市北區三民路三段270號', 2, '0422385589', 'Line ID : ＠sound270', 1, 300, '迴響樂手空間-三民店練團室.jpg', '2023-12-03 04:43:00', '2023-12-01 01:07:00'),
(16, 'Circle Music Studio-A練團室', '807高雄市三民區建國三路169號B1', 3, '072851188', 'circlemusic@gmail.com', 1, 350, 'Circle-Music-Studio-A練團室.jpeg', '2023-12-03 19:16:00', '2023-12-05 21:04:00'),
(17, 'Circle Music Studio-B練團室', '807高雄市三民區建國三路169號B1', 3, '072851188', 'circlemusic@gmail.com', 1, 300, 'Circle-Music-Studio-B練團室.jpeg', '2023-12-02 11:48:00', '2023-12-03 14:57:00'),
(18, 'Circle Music Studio-C練團室', '807高雄市三民區建國三路169號B1', 3, '072851188', 'circlemusic@gmail.com', 1, 250, 'Circle-Music-Studio-C練團室.jpeg', '2023-12-05 13:46:00', '2023-12-05 23:08:00'),
(19, 'Circle Music Studio-D練團室', '807高雄市三民區建國三路169號B1', 3, '072851188', 'circlemusic@gmail.com', 1, 350, 'Circle-Music-Studio-D練團室.jpeg', '2023-12-01 15:35:00', '2023-12-03 14:44:00'),
(20, 'Circle Music Studio-練鼓室A,B', '807高雄市三民區建國三路169號B1', 3, '072851188', 'circlemusic@gmail.com', 1, 90, 'Circle-Music-Studio-練鼓室A,B.jpeg', '2023-12-01 06:00:00', '2023-11-30 19:55:00'),
(21, 'Circle Music Studio-吉他/貝斯/主唱練習室', '807高雄市三民區建國三路169號B1', 3, '072851188', 'circlemusic@gmail.com', 1, 90, 'Circle-Music-Studio-吉他/貝斯/主唱練習室A,B,C.jpeg', '2023-12-05 17:33:00', '2023-12-03 08:36:00'),
(22, '凱傑樂器2F練團室', '台南市中西區南門路49號, Tainan, Taiwan, 700', 3, '062217385', 'fypioedr@yahoo.com.tw', 1, 250, '凱傑樂器2F練團室.jpg', '2023-12-03 02:54:00', '2023-12-02 18:49:00'),
(23, '凱傑樂器3F練團室', '台南市中西區南門路49號, Tainan, Taiwan, 700', 3, '062217385', 'fypioedr@yahoo.com.tw', 1, 200, '凱傑樂器3F練團室.jpg', '2023-12-05 12:25:00', '2023-12-05 11:13:00'),
(24, '凱傑樂器4F練團室', '台南市中西區南門路49號, Tainan, Taiwan, 700', 3, '062217385', 'fypioedr@yahoo.com.tw', 1, 200, '凱傑樂器4F練團室.jpg', '2023-12-03 21:37:00', '2023-12-02 13:48:00'),
(25, '鈕饅頭音樂工作室-大間練團室', '800 高雄市新興區新田路91號地下室', 3, '072618218', 'percussionchien@gmail.com', 1, 200, '鈕饅頭音樂工作室-大練團室-1.jpg', '2023-12-04 13:56:00', '2023-12-03 21:06:00'),
(26, '鈕饅頭音樂工作室-小間練團室', '800 高雄市新興區新田路91號地下室', 3, '072618218', 'percussionchien@gmail.com', 1, 200, '鈕饅頭音樂工作室-大練團室-2.jpg', '2023-12-02 14:06:00', '2023-12-02 23:23:00'),
(27, '搖滾玩家－和緯店', '台南市中西區和緯路四段283號', 3, '063586915', 'por_music@yahoo.com.tw', 1, 250, '搖滾玩家.jpg', '2023-12-03 22:16:00', '2023-12-03 00:42:00'),
(28, '民揚樂器-鳳山店', '高雄市三民區澄清路541號', 3, '073965555', 'myfstw@gmail.com', 1, 200, '民揚樂器.png', '2023-12-05 19:08:00', '2023-12-03 18:42:00'),
(29, 'Umaq屋瑪客', '950 臺東縣臺東市台東縣台東市長沙街117號', 4, '0905235117', 'umaq117@gmail.com', 1, 300, 'Umaq屋瑪客(東).jpg', '2023-12-01 05:44:00', '2023-12-04 04:33:00'),
(30, '爬格子樂器行', '澎湖縣馬公市中華路112-1號, Makung, Taiwan, 880', 4, '069279959', 'music9959@gmail.com', 1, 200, '爬格子樂器行.jpg', '2023-12-05 00:52:00', '2023-12-01 02:04:00'),
(31, '楓城音樂坊', '花蓮市中原路758號', 4, '038535353', 'maplecity@gmail.com', 1, 300, '楓城音樂坊.jpg', '2023-12-04 21:53:00', '2023-12-03 01:27:00'),
(32, 'att吸引力樂器-小型練團室', '台中市中區自由路二段88-8號', 2, '0422255518', 'att@gmail.com', 1, 200, 'att吸引力樂器-小型.jpg', '2023-12-03 05:47:00', '2023-12-02 07:40:00'),
(33, 'att吸引力樂器-中型練團室', '台中市中區自由路二段88-8號', 2, '0422255518', 'att@gmail.com', 1, 200, 'att吸引力樂器-中型.jpg', '2023-12-03 04:43:00', '2023-12-01 01:07:00'),
(34, 'att吸引力樂器-大型練團室', '台中市中區自由路二段88-8號', 2, '0422255518', 'att@gmail.com', 1, 250, 'att吸引力樂器-大型.jpg', '2023-12-03 19:16:00', '2023-12-05 21:04:00'),
(35, '艾爾樂器ERA Music', '苗栗市自治路387號', 2, '037366536', 'eramusic@gmail.com', 1, 450, '艾爾樂器ERA_Music.jpg', '2023-12-02 11:48:00', '2023-12-03 14:57:00'),
(36, '大鼻子樂器-老街店', '台中市南屯區文心路一段416號', 2, '0423893316', 'bignose@gmail.com', 1, 200, '大鼻子樂器-1.jpg', '2023-12-05 13:46:00', '2023-12-05 23:08:00'),
(37, '大鼻子樂器-總店', '台中市南屯區黎明路一段1128號', 2, '0423261099', 'bignose@gmail.com', 1, 200, '大鼻子樂器-2.jpg', '2023-12-01 15:35:00', '2023-12-03 14:44:00'),
(38, '皇冠音樂', '彰化市永興街31號', 2, '047200896', 'crownmusic@gmail.com', 1, 150, '皇冠音樂.jpg', '2023-12-01 06:00:00', '2023-11-30 19:55:00'),
(39, '比比王樂器', '台中市北區學士路264號', 2, '0422368226', 'five12345654321@gmail.com', 1, 200, '比比王樂器.jpg', '2023-12-05 17:33:00', '2023-12-03 08:36:00'),
(1001, '線上', '線上', 5, NULL, NULL, 0, NULL, '', NULL, NULL);

-- --------------------------------------------------------

--
-- 資料表結構 `classroom_order`
--

CREATE TABLE `classroom_order` (
  `orderID` int(11) NOT NULL,
  `user_id` int(6) DEFAULT NULL,
  `date` datetime NOT NULL,
  `rent_time` varchar(6) DEFAULT NULL
) ENGINE=InnoDB DEFAULT CHARSET=utf8mb4 COLLATE=utf8mb4_unicode_ci;

--
-- 傾印資料表的資料 `classroom_order`
--

INSERT INTO `classroom_order` (`orderID`, `user_id`, `date`, `rent_time`) VALUES
(1, 38, '2023-11-30 08:17:24', '早'),
(2, 52, '2023-12-01 07:20:09', '中'),
(3, 45, '2023-12-01 22:40:36', '中'),
(4, 56, '2023-12-02 01:17:39', '中'),
(5, 39, '2023-11-30 15:33:32', '晚'),
(6, 30, '2023-12-06 19:00:44', '早'),
(7, 36, '2023-11-30 12:16:55', '中'),
(8, 40, '2023-12-02 06:22:30', '晚'),
(9, 44, '2023-12-02 11:36:05', '早'),
(10, 34, '2023-12-03 00:15:02', '中'),
(11, 54, '2023-12-06 06:23:41', '晚'),
(12, 5, '2023-12-02 00:36:47', '晚'),
(13, 33, '2023-12-03 08:36:43', '中'),
(14, 33, '2023-11-30 09:40:00', '早'),
(15, 25, '2023-12-03 20:37:46', '中'),
(16, 37, '2023-12-05 08:34:41', '晚'),
(17, 3, '2023-12-02 08:10:04', '中'),
(18, 40, '2023-12-04 23:20:22', '中'),
(19, 44, '2023-12-05 03:28:43', '早'),
(20, 37, '2023-12-02 06:08:19', '晚'),
(21, 11, '2023-12-01 19:26:40', '中'),
(22, 48, '2023-12-04 18:34:51', '中'),
(23, 16, '2023-12-04 14:29:00', '晚'),
(24, 48, '2023-11-30 19:23:07', '早'),
(25, 40, '2023-12-01 16:48:45', '晚'),
(26, 58, '2023-12-04 17:12:55', '中'),
(27, 47, '2023-11-30 19:50:52', '晚'),
(28, 29, '2023-12-04 06:33:19', '早'),
(29, 18, '2023-12-06 20:41:17', '早'),
(30, 54, '2023-12-04 04:39:59', '早');

-- --------------------------------------------------------

--
-- 資料表結構 `classroom_order_items`
--

CREATE TABLE `classroom_order_items` (
  `id` int(11) NOT NULL,
  `classroomID` int(6) DEFAULT NULL
) ENGINE=InnoDB DEFAULT CHARSET=utf8mb4 COLLATE=utf8mb4_unicode_ci;

--
-- 傾印資料表的資料 `classroom_order_items`
--

INSERT INTO `classroom_order_items` (`id`, `classroomID`) VALUES
(1, 4),
(2, 21),
(3, 22),
(4, 20),
(5, 6),
(6, 27),
(7, 13),
(8, 33),
(9, 27),
(10, 20),
(11, 22),
(12, 23),
(13, 6),
(14, 33),
(15, 12),
(16, 36),
(17, 23),
(18, 36),
(19, 4),
(20, 27),
(21, 16),
(22, 33),
(23, 13),
(24, 4),
(25, 16),
(26, 6),
(27, 28),
(28, 22),
(29, 3),
(30, 16);

-- --------------------------------------------------------

--
-- 資料表結構 `classroom_region`
--

CREATE TABLE `classroom_region` (
  `id` int(11) NOT NULL,
  `region` varchar(20) NOT NULL
) ENGINE=InnoDB DEFAULT CHARSET=utf8mb4 COLLATE=utf8mb4_unicode_ci;

--
-- 傾印資料表的資料 `classroom_region`
--

INSERT INTO `classroom_region` (`id`, `region`) VALUES
(1, '北部'),
(2, '中部'),
(3, '南部'),
(4, '東部或離島'),
(5, '線上');

-- --------------------------------------------------------

--
-- 資料表結構 `coupon`
--

CREATE TABLE `coupon` (
  `id` int(6) NOT NULL,
  `name` varchar(50) NOT NULL,
  `discount` double DEFAULT NULL,
  `kind` tinyint(1) DEFAULT NULL,
  `type` tinyint(1) DEFAULT NULL,
  `coupon_code` varchar(10) DEFAULT NULL,
  `status` tinyint(1) DEFAULT NULL,
  `requirement` varchar(30) DEFAULT NULL,
  `usage_counter` varchar(15) DEFAULT NULL,
  `created_time` datetime DEFAULT NULL,
  `onshelf_time` datetime DEFAULT NULL,
  `limit_time` datetime DEFAULT NULL,
  `valid` tinyint(1) NOT NULL
) ENGINE=InnoDB DEFAULT CHARSET=utf8mb4 COLLATE=utf8mb4_unicode_ci;

--
-- 傾印資料表的資料 `coupon`
--

INSERT INTO `coupon` (`id`, `name`, `discount`, `kind`, `type`, `coupon_code`, `status`, `requirement`, `usage_counter`, `created_time`, `onshelf_time`, `limit_time`, `valid`) VALUES
(1, '樂器-註冊禮券', 1500, 2, 1, 'A4EMzTNGTM', 1, '1500', '1', '2023-12-06 12:00:00', '2023-12-07 00:00:00', '9999-01-01 00:00:00', 1),
(2, '樂器-定期發放', 500, 1, 1, 'cGQtCrcGUx', 1, '500', '3', '2023-12-06 12:00:00', '2023-12-07 00:00:00', '2025-01-01 00:00:00', 1),
(3, '樂器-節日優惠券', 1000, 1, 1, 'HV3q3smV7G', 1, '1000', '5', '2023-12-06 12:00:00', '2023-12-07 00:00:00', '2025-01-01 00:00:00', 1),
(4, '樂器-500元優惠券', 500, 1, 1, 'dPQ6GfREtd', 1, '2000', '1', '2023-12-06 12:00:00', '2023-12-07 00:00:00', '2025-01-01 00:00:00', 1),
(5, '樂器-1000元優惠券', 1000, 1, 1, 'VnAR3PrZAc', 1, '2000', '1', '2023-12-06 12:00:00', '2023-12-07 00:00:00', '2025-01-01 00:00:00', 1),
(6, '樂器-1500元優惠券', 1500, 1, 1, 'YZvcdvvQuu', 1, '2000', '1', '2023-12-06 12:00:00', '2023-12-07 00:00:00', '2025-01-01 00:00:00', 1),
(7, '樂器-2000元優惠券', 2000, 1, 1, 'PEZXZyYuT6', 1, '2000', '1', '2023-12-06 12:00:00', '2023-12-07 00:00:00', '2025-01-01 00:00:00', 1),
(8, '樂器-5000元優惠券', 5000, 1, 1, 'GXyDXTmWPC', 1, '2000', '1', '2023-12-06 12:00:00', '2023-12-07 00:00:00', '2025-01-01 00:00:00', 1),
(9, '樂器-10000元優惠券', 10000, 1, 1, 'ZH8AcS4EN4', 1, '2000', '1', '2023-12-06 12:00:00', '2023-12-07 00:00:00', '2025-01-01 00:00:00', 1),
(10, '樂器-15000元優惠券', 15000, 1, 1, 'yUuaCE6cYN', 1, '2000', '1', '2023-12-06 12:00:00', '2023-12-07 00:00:00', '2025-01-01 00:00:00', 1),
(11, '樂器-20000元優惠券', 20000, 1, 1, 'ABgEkWzcWD', 1, '2000', '1', '2023-12-06 12:00:00', '2023-12-07 00:00:00', '2025-01-01 00:00:00', 1),
(12, '樂器-30000元優惠券', 30000, 1, 1, 'FCZPMaUEKk', 1, '2000', '1', '2023-12-06 12:00:00', '2023-12-07 00:00:00', '2025-01-01 00:00:00', 1),
(13, '樂器-50000元優惠券', 50000, 1, 1, 'aaXkhDBR5c', 1, '2000', '1', '2023-12-06 12:00:00', '2023-12-07 00:00:00', '2025-01-01 00:00:00', 1),
(14, '樂器-95折優惠券', 0.95, 1, 2, 'n2sgw5WZ9U', 1, '2000', '1', '2023-12-06 12:00:00', '2023-12-07 00:00:00', '2025-01-01 00:00:00', 1),
(15, '樂器-9折優惠券', 0.9, 1, 2, 'MtZcGDX7V6', 1, '2000', '1', '2023-12-06 12:00:00', '2023-12-07 00:00:00', '2025-01-01 00:00:00', 1),
(16, '樂器-8折優惠券', 0.8, 1, 2, 'RxT85AQnyV', 1, '2000', '1', '2023-12-06 12:00:00', '2023-12-07 00:00:00', '2025-01-01 00:00:00', 1),
(17, '樂器-7折優惠券', 0.7, 1, 2, 'u9CdS3DDXu', 1, '2000', '1', '2023-12-06 12:00:00', '2023-12-07 00:00:00', '2025-01-01 00:00:00', 1),
(18, '樂器-6折優惠券', 0.6, 1, 2, 'EvzHWcGz2e', 1, '2000', '1', '2023-12-06 12:00:00', '2023-12-07 00:00:00', '2025-01-01 00:00:00', 1),
(19, '樂器-5折優惠券', 0.5, 1, 2, 'UPbgHECk5r', 1, '2000', '1', '2023-12-06 12:00:00', '2023-12-07 00:00:00', '2025-01-01 00:00:00', 1),
(20, '課程-註冊禮券', 5000, 2, 1, '9kTUnPfVS2', 1, '10000', '1', '2023-12-06 12:00:00', '2023-12-07 00:00:00', '9999-01-01 00:00:00', 1),
(21, '課程-定期發放', 2000, 2, 1, 'ndDQErmCye', 1, '10000', '3', '2023-12-06 12:00:00', '2023-12-07 00:00:00', '2025-01-01 00:00:00', 1),
(22, '課程-節日優惠券', 1000, 2, 1, '8cDtPsftwX', 1, '10000', '5', '2023-12-06 12:00:00', '2023-12-07 00:00:00', '2025-01-01 00:00:00', 1),
(23, '課程-10000元優惠券', 10000, 2, 1, 'qyaa2nUabw', 1, '10000', '1', '2023-12-06 12:00:00', '2023-12-07 00:00:00', '2025-01-01 00:00:00', 1),
(24, '課程-15000元優惠券', 15000, 2, 1, 'xCpaRBWqkw', 1, '10000', '1', '2023-12-06 12:00:00', '2023-12-07 00:00:00', '2025-01-01 00:00:00', 1),
(25, '課程-20000元優惠券', 20000, 2, 1, 'vv26GNebpN', 1, '10000', '1', '2023-12-06 12:00:00', '2023-12-07 00:00:00', '2025-01-01 00:00:00', 1),
(26, '課程-30000元優惠券', 30000, 2, 1, 'C5SuM3t5rr', 1, '10000', '1', '2023-12-06 12:00:00', '2023-12-07 00:00:00', '2025-01-01 00:00:00', 1),
(27, '課程-95折優惠券', 0.95, 2, 2, 'Rr6BsHnb4B', 1, '10000', '1', '2023-12-06 12:00:00', '2023-12-07 00:00:00', '2025-01-01 00:00:00', 1),
(28, '課程-9折優惠券', 0.9, 2, 2, 'b7c9uvzGKu', 1, '10000', '1', '2023-12-06 12:00:00', '2023-12-07 00:00:00', '2025-01-01 00:00:00', 1),
(29, '課程-8折優惠券', 0.8, 2, 2, 'GRb59nWan9', 1, '10000', '1', '2023-12-06 12:00:00', '2023-12-07 00:00:00', '2025-01-01 00:00:00', 1),
(30, '課程-7折優惠券', 0.7, 2, 2, 'pxzX3K55Rf', 1, '10000', '1', '2023-12-06 12:00:00', '2023-12-07 00:00:00', '2025-01-01 00:00:00', 1),
(31, '測試', 500, 1, 1, 'N6O7lRymo0', 1, '500', '1', '2023-12-15 04:10:22', '2023-12-15 11:10:00', '2023-12-31 11:10:00', 0),
(32, '測試', 500, 1, 1, 'YD0oKog6JU', 1, '500', '1', '2023-12-15 04:15:26', '2023-12-15 11:15:00', '2023-12-28 11:15:00', 0);

-- --------------------------------------------------------

--
-- 資料表結構 `coupon_kind`
--

CREATE TABLE `coupon_kind` (
  `id` int(3) NOT NULL,
  `name` varchar(50) NOT NULL
) ENGINE=InnoDB DEFAULT CHARSET=utf8mb4 COLLATE=utf8mb4_unicode_ci;

--
-- 傾印資料表的資料 `coupon_kind`
--

INSERT INTO `coupon_kind` (`id`, `name`) VALUES
(1, '樂器'),
(2, '課程');

-- --------------------------------------------------------

--
-- 資料表結構 `coupon_status`
--

CREATE TABLE `coupon_status` (
  `id` int(3) NOT NULL,
  `name` varchar(50) NOT NULL
) ENGINE=InnoDB DEFAULT CHARSET=utf8mb4 COLLATE=utf8mb4_unicode_ci;

--
-- 傾印資料表的資料 `coupon_status`
--

INSERT INTO `coupon_status` (`id`, `name`) VALUES
(1, '上架'),
(2, '停用');

-- --------------------------------------------------------

--
-- 資料表結構 `coupon_type`
--

CREATE TABLE `coupon_type` (
  `id` int(3) NOT NULL,
  `name` varchar(50) NOT NULL
) ENGINE=InnoDB DEFAULT CHARSET=utf8mb4 COLLATE=utf8mb4_unicode_ci;

--
-- 傾印資料表的資料 `coupon_type`
--

INSERT INTO `coupon_type` (`id`, `name`) VALUES
(1, '面額'),
(2, '百分比');

-- --------------------------------------------------------

--
-- 資料表結構 `instrument`
--

CREATE TABLE `instrument` (
  `id` int(6) UNSIGNED NOT NULL,
  `name` varchar(50) NOT NULL,
  `price` int(7) NOT NULL,
  `category_id` int(2) NOT NULL,
  `subcategory_id` int(2) NOT NULL,
  `brand_id` int(2) NOT NULL,
  `img` varchar(100) DEFAULT NULL,
  `info` text NOT NULL,
  `stock` int(3) NOT NULL,
  `created_time` datetime NOT NULL,
  `onshelf_time` datetime NOT NULL,
  `updated_time` datetime DEFAULT NULL,
  `valid` tinyint(1) NOT NULL DEFAULT 1
) ENGINE=InnoDB DEFAULT CHARSET=utf8mb4 COLLATE=utf8mb4_general_ci;

--
-- 傾印資料表的資料 `instrument`
--

INSERT INTO `instrument` (`id`, `name`, `price`, `category_id`, `subcategory_id`, `brand_id`, `img`, `info`, `stock`, `created_time`, `onshelf_time`, `updated_time`, `valid`) VALUES
(1, 'CG102', 9800, 1, 1, 1, 'CG102.webp', 'CG102 採用雲杉面板和玫瑰木指板，是 CG 系列的入門款，產生可激勵初學者的豐富音色。\r\n\r\nYamaha CG 造型\r\n雲杉單板面板\r\n膠木製成的背板與側板\r\n玫瑰木指板', 1, '2023-12-03 19:55:16', '2023-12-13 00:07:00', '2023-12-13 17:30:12', 1),
(2, 'CG122MS', 12700, 1, 1, 1, 'CG122MS.webp', 'CG122MS 古典吉他採用單板雲杉面板、玫瑰木指板，以及優雅的霧面外觀，音色聽起來與昂貴許多的吉他一樣好。\r\n\r\nYamaha CG 造型\r\n雲杉單面板\r\n膠木製成的背板與側板\r\n膠木琴頸\r\n玫瑰木指板\r\n霧面表面處理', 2, '2023-12-02 14:55:47', '2023-12-14 21:15:58', '2023-12-11 16:55:41', 1),
(3, 'CG142S', 14300, 1, 1, 1, 'CG142S.webp', '單板雲杉面板和玫瑰木指板，加上卓越的音色和彈奏性，使其價值非凡。\r\n\r\nYamaha CG 造型\r\n雲杉單面板\r\n膠木製成的背板與側板\r\n膠木琴頸\r\n玫瑰木指板', 4, '2023-11-30 14:09:26', '2023-12-14 21:49:00', '2023-12-12 02:19:23', 1),
(4, 'CG182S', 23300, 1, 1, 1, 'CG182S.avif', 'CG182S 古典吉他採用單板雲杉面板、玫瑰木背側板，以及黑檀木指板。\n\nYamaha CG 造型\n雲杉單面板\n玫瑰木製成的背板和側板\n膠木琴頸\n黑檀木指板', 5, '2023-12-08 00:33:54', '2023-12-09 14:28:26', NULL, 1),
(5, 'CG192S', 26200, 1, 1, 1, 'CG192S.webp', '以歐洲雲杉單板面板和非洲桃花心木琴頸為特色，CG192S 古典吉他在外觀和音色上皆為 CG 系列的最佳代表。\n\nYamaha CG 造型\n歐洲雲杉單板面板\n玫瑰木製成的背板和側板\n非洲桃花心木琴頸\n黑檀木指板', 3, '2023-12-01 03:01:28', '2023-12-06 04:28:29', NULL, 1),
(6, 'CPX600_Black', 14200, 1, 1, 1, 'CPX600_Black.avif', '結合了演奏性與Yamaha APX系列電木吉他的純淨動態輸出音色，CPX系列擁有經典外觀的大桶身與較大音量的原聲，是同時需要原音演奏與舞台表演的最佳利器。\n\n擁有完整原聲共鳴的中型Jumbo桶身\n634mm的較短弦長提供更佳的彈奏舒適度\n較窄的琴弦間距使您可以更輕鬆地按和絃\n全新的音樑結構設計加強更多的低頻反應\n著重於舞台演出的高級拾音器', 4, '2023-12-01 23:38:01', '2023-12-15 01:49:31', NULL, 1),
(7, 'CPX600_Old_Violin_Sunburst', 14200, 1, 1, 1, 'CPX600_Old_Violin_Sunburst.avif', '結合了演奏性與Yamaha APX系列電木吉他的純淨動態輸出音色，CPX系列擁有經典外觀的大桶身與較大音量的原聲，是同時需要原音演奏與舞台表演的最佳利器。\n\n擁有完整原聲共鳴的中型Jumbo桶身\n634mm的較短弦長提供更佳的彈奏舒適度\n較窄的琴弦間距使您可以更輕鬆地按和絃\n全新的音樑結構設計加強更多的低頻反應\n著重於舞台演出的高級拾音器', 1, '2023-12-06 15:44:20', '2023-12-08 16:57:40', NULL, 1),
(8, 'CPX600_Root_Beer', 14200, 1, 1, 1, 'CPX600_Root_Beer.avif', '結合了演奏性與Yamaha APX系列電木吉他的純淨動態輸出音色，CPX系列擁有經典外觀的大桶身與較大音量的原聲，是同時需要原音演奏與舞台表演的最佳利器。\n\n擁有完整原聲共鳴的中型Jumbo桶身\n634mm的較短弦長提供更佳的彈奏舒適度\n較窄的琴弦間距使您可以更輕鬆地按和絃\n全新的音樑結構設計加強更多的低頻反應\n著重於舞台演出的高級拾音器', 3, '2023-12-03 01:17:31', '2023-12-07 14:48:40', NULL, 1),
(9, 'CPX600_Vintage_Tint', 14200, 1, 1, 1, 'CPX600_Vintage_Tint.avif', '結合了演奏性與Yamaha APX系列電木吉他的純淨動態輸出音色，CPX系列擁有經典外觀的大桶身與較大音量的原聲，是同時需要原音演奏與舞台表演的最佳利器。\n\n擁有完整原聲共鳴的中型Jumbo桶身\n634mm的較短弦長提供更佳的彈奏舒適度\n較窄的琴弦間距使您可以更輕鬆地按和絃\n全新的音樑結構設計加強更多的低頻反應\n著重於舞台演出的高級拾音器', 5, '2023-12-01 01:06:28', '2023-12-13 16:26:12', NULL, 1),
(10, 'CPX700II_Black', 20900, 1, 1, 1, 'CPX700II_Black.avif', '700系列吉他功能的造型和規格源於1000系列吉他，但多了獨特的 ART拾音器系統，用來捕捉吉他琴身的共振力，忠實地再現自然音調。另提供了12弦、左手版本可選擇。', 7, '2023-12-08 21:14:37', '2023-12-14 17:27:56', NULL, 1),
(11, 'CPX700II_Dusk_Sun_Red', 20900, 1, 1, 1, 'CPX700II_Dusk_Sun_Red.avif', '700系列吉他功能的造型和規格源於1000系列吉他，但多了獨特的 ART拾音器系統，用來捕捉吉他琴身的共振力，忠實地再現自然音調。另提供了12弦、左手版本可選擇。', 5, '2023-12-04 10:50:10', '2023-12-10 11:11:43', NULL, 1),
(12, 'CPX700II_Natural', 20900, 1, 1, 1, 'CPX700II_Natural.avif', '700系列吉他功能的造型和規格源於1000系列吉他，但多了獨特的 ART拾音器系統，用來捕捉吉他琴身的共振力，忠實地再現自然音調。另提供了12弦、左手版本可選擇。', 0, '2023-12-06 22:29:09', '2023-12-09 15:25:31', NULL, 1),
(13, 'CPX700II_Sand_Burst', 20900, 1, 1, 1, 'CPX700II_Sand_Burst.jpeg', '700系列吉他功能的造型和規格源於1000系列吉他，但多了獨特的 ART拾音器系統，用來捕捉吉他琴身的共振力，忠實地再現自然音調。另提供了12弦、左手版本可選擇。', 6, '2023-12-02 23:25:01', '2023-12-05 11:47:51', NULL, 1),
(14, 'CPX700II_Tinted', 20900, 1, 1, 1, 'CPX700II_Tinted.avif', '700系列吉他功能的造型和規格源於1000系列吉他，但多了獨特的 ART拾音器系統，用來捕捉吉他琴身的共振力，忠實地再現自然音調。另提供了12弦、左手版本可選擇。', 2, '2023-12-05 23:13:11', '2023-12-12 14:53:00', NULL, 1),
(15, 'F310', 4600, 1, 1, 1, 'F310-1.jpeg', 'F310木吉他價格實惠，在市場同級品中更是擁有超乎水準的品質、設計與音色 。\n\n傳統大桶身：容易彈奏的較短弦長與較薄桶身設計\n雲杉面板：精選木材與絕佳音色\n霧面琴頸：比亮面琴頸更滑順不卡手\n世界唯一取得國際無毒環保認證的工廠製程\n實惠的價格就能擁有日本堅持的製造品質\n可以陪伴您一輩子的木吉他', 6, '2023-12-07 21:17:14', '2023-12-15 10:47:10', NULL, 1),
(16, 'FG / FS800', 9800, 1, 1, 1, 'FG800-1.jpeg', 'Yamaha的標準木吉他型號，實惠的價格擁有單純傳統的外觀與卓越的品質、單板面板的規格、最真實的美妙音色了，歸功於新開發的扇形音梁支撐設計。推薦給所有初學者吉他手、小而薄的琴身非常適合女性/年輕玩家，也非常適合進階的指彈玩家\n\n小桶身\n單板雲杉木面板\n膠木/奧古曼木背板&側板\n全新扇形音樑支撐設計\n傳統外觀與絕佳的品質', 1, '2023-11-30 08:05:31', '2023-12-02 20:50:37', NULL, 1),
(17, 'FG5', 39600, 1, 1, 1, 'FG5-1.jpeg', '1960 年代美學、現代工藝，與更為精進的Yamaha吉他研發50年經驗\n標準的 Yamaha FG 的琴身擁有飽滿且有力的低頻，非常適合彈撥和刷奏\n新的扇形 FG 琴身木條排列方式展現溫暖厚實的音調、深沉的低音和豐富的共鳴\n原音共鳴強化技術 (A.R.E.) 處理展現熟成木材的音質和延音\n搭配西特卡雲杉木面板和桃花心木側背板的全單板結構\n黑檀木指板、琴橋、弦釘和尾釘\n骨質上弦枕和下弦枕\n日本製\n隨附專用硬琴盒', 5, '2023-12-08 01:20:25', '2023-12-15 16:09:10', NULL, 1),
(18, 'FGX3', 32800, 1, 1, 1, 'FGX3-1.jpeg', '1960 年代美學、現代工藝，與更為精進的Yamaha吉他研發50年經驗\nAtmosfeel™ 拾音器和前級放大系統展現獨有的自然插電音質\n標準的 Yamaha FG 的琴身擁有飽滿且有力的低頻，非常適合彈撥和刷奏\n新的扇形 FG 琴身木條排列方式展現溫暖厚實的音調、深沉的低音和豐富的共鳴\n原音共鳴強化技術 (A.R.E.) 處理展現熟成木材的音質和延音\n搭配西特卡雲杉木面板和桃花心木側背板的全單板結構\n黑檀木指板和琴橋\n隨附專用厚琴袋', 0, '2023-12-07 11:36:22', '2023-12-11 18:12:54', '2023-12-11 18:12:54', 1),
(19, 'FGX5', 46200, 1, 1, 1, 'FGX5-1.jpeg', '1960 年代美學、現代工藝，與更為精進的Yamaha吉他研發50年經驗\nAtmosfeel™ 拾音器和前級放大系統展現獨有的自然插電音質\n標準的 Yamaha FG 的琴身擁有飽滿且有力的低頻，非常適合彈撥和刷奏\n新的扇形 FG 面板力木條排列方式展現溫暖厚實的音調、深沉的低音和豐富的共鳴\n原音共鳴強化技術 (A.R.E.) 處理展現熟成木材的音質和延音\n搭配西特卡雲杉木面板和桃花心木側背板的全單板結構\n黑檀木指板、琴橋和琴釘\n骨質上弦枕和下弦枕\n日本製\n隨附專用硬琴盒', 5, '2023-12-06 06:03:43', '2023-12-09 04:40:47', NULL, 1),
(20, 'FS5', 39600, 1, 1, 1, 'FS5-1.avif', '1960 年代美學、現代工藝，與更為精進的Yamaha吉他研發50年經驗\n標準的Yamaha FS Concert 形琴身非常適合喜歡較小型琴身的彈奏者，且擁有略微清亮的音質，讓彈撥和刷奏的音色更為完整。\n新的扇形 FS 面板力木條排列方式展現溫暖厚實的音調和豐富的共鳴\n原音共鳴強化技術 (A.R.E.) 處理展現熟成木材的音質和延音\n搭配西特卡雲杉木面板和桃花心木側背板的全單板結構\n黑檀木指板、琴橋、弦釘和尾釘\n骨質上弦枕和下弦枕\n日本製\n隨附專用硬琴盒', 1, '2023-12-07 23:01:05', '2023-12-15 18:35:55', NULL, 1),
(21, 'FSX5', 46200, 1, 1, 1, 'FSX5-1.jpeg', '1960 年代美學、現代工藝，與更為精進的Yamaha吉他研發50年經驗\r\nAtmosfeel™ 拾音器和前級放大系統展現獨有的自然插電音質\r\n標準的Yamaha FS Concert 形琴身非常適合喜歡較小型琴身的彈奏者，且擁有略微清亮的音質，讓彈撥和刷奏的音色更為完整。\r\n新的扇形 FS 面板力木條排列方式展現溫暖厚實的音調和豐富的共鳴\r\n原音共鳴強化技術 (A.R.E.) 處理展現熟成木材的音質和延音\r\n搭配西特卡雲杉木面板和桃花心木側背板的全單板結構\r\n黑檀木指板、琴橋和琴釘\r\n骨質上弦枕和下弦枕\r\n日本製\r\n隨附專用硬琴盒', 5, '2023-12-07 05:29:08', '2023-12-13 05:34:56', '2023-12-11 02:42:23', 1),
(22, 'GL1', 4400, 1, 1, 1, 'GL1.webp', 'Yamaha小型吉他GL1可彈奏出如同Ukulele的夏威夷熱帶草裙音樂風味。\n\n琴長433mm之尼龍弦吉他\n雲杉面板\n隨附原廠吉他袋', 6, '2023-12-08 18:52:23', '2023-12-12 21:45:06', NULL, 1),
(23, 'LL56 Custom ARE', 174680, 1, 1, 1, 'LL56 Custom ARE.avif', 'L系列的旗艦版。L56 Custom是由頂級制琴師嚴選最高級木材精製而成。不但音色豐富溫暖，細緻的外觀更是使L56成為值得收藏的藝術品。\n\n標準Jumbo型琴身\n單板哥倫比亞雲杉木面板(使用A.R.E.技術)\n單板印度玫瑰木背板及側板\n舒適的琴頸設計\n奢華鮑魚貝鑲邊\n硝基漆表面處理', 5, '2023-12-03 07:36:51', '2023-12-04 09:10:16', NULL, 1),
(24, 'RSE20', 19800, 1, 2, 1, 'RSE20_Neon_Yellow-1.jpg', 'RSE20 擁有五種café racer賽車風格的漆面選擇，還有挖洞琴身、雙 Alnico V 雙線圈拾音器，以及推拉式 Dry Switch 高通濾波器，為其音色提供額外的多功能性。\n\n5 款café racer賽車風格的漆面\n挖洞桃花心木琴身\n桃花心木琴頸\n2 個 Alnico V 雙線圈拾音器\n推拉式 Dry Switch 高通濾波器', 5, '2023-12-07 03:06:28', '2023-12-18 20:27:38', NULL, 1),
(25, 'RSP02T', 75900, 1, 2, 1, 'RSP02T-Crisp_Gold-1.jpg', '這把 Revstar 專業款採用 P90 式的單線圈拾音器，搭配 5 段切換和 Focus Switch 增益，還有客製的賽車拉弦板。\n\n日本打造\n3 款café racer賽車風格的漆面\n挖洞楓木和桃花心木琴身\n碳纖維加強的琴頸和琴身\n2 個 P90 式拾音器\n5 段式拾音器選擇器\n被動 Focus Switch\n隨附專用硬琴盒', 5, '2023-12-08 18:37:03', '2023-12-10 00:49:35', NULL, 1),
(26, 'RSP02T', 75900, 1, 2, 1, 'RSP02T-1.jpg', '日本製造的 RSP20 採用碳纖維加強的琴頸和挖洞琴身、雙雙線圈拾音器、5 段切換，以及一個 Focus Switch，提供卓越的多功能性。\n\n日本打造\n3 款café racer賽車風格的漆面\n挖洞楓木和桃花心木琴身\n碳纖維加強的琴頸和琴身\n2 個雙線圈拾音器\n5 段式拾音器選擇器\n被動 Focus Switch\n隨附專用硬琴盒', 4, '2023-12-04 23:38:21', '2023-12-13 00:28:37', NULL, 1),
(27, 'RSP20X', 75900, 1, 2, 1, 'RSP20X-1.jpg', 'RSP20 的造型變化款，琴身邊條塗漆搭配金色賽車條紋，還有奪目的陽極氧化鋁護板。\n\n日本打造\n挖洞楓木和桃花心木琴身\n碳纖維加強的琴頸和琴身\n2 個雙線圈拾音器\n5 段式拾音器選擇器\n被動 Focus Switch\n隨附專用硬琴盒', 4, '2023-12-07 14:34:01', '2023-12-14 03:21:41', NULL, 1),
(28, 'RSS02T', 30600, 1, 2, 1, 'RSS02T-1.jpg', '這把 Revstar 基本款採用 P90 式的單線圈拾音器，搭配 5 段切換和 Focus Switch 增益，以及客製的賽車拉弦板。\n\n4 款café racer賽車風格的漆面\n挖洞楓木和桃花心木琴身\n碳纖維加強的 3 件式桃花心木琴頸\n2 個 P90 式拾音器\n5 段式拾音器選擇器\n被動 Focus Switch\n含豪華的琴袋', 5, '2023-12-06 16:52:08', '2023-12-11 11:57:04', NULL, 1),
(29, 'RSS20', 30600, 1, 2, 1, 'RSS20-1.jpg', 'RSS20 擁有六種漆面選擇、挖洞琴身和碳纖維加強琴頸、雙雙線圈拾音器、5 段切換和被動 Focus Switch，提供了卓越的多功能性。\n\n6 款café racer賽車風格的漆面\n挖洞楓木和桃花心木琴身\n碳纖維加強的 3 件式桃花心木琴頸\n2 個 Alnico V 雙線圈拾音器\n5 段式拾音器選擇器\n被動 Focus Switch\n含豪華的琴袋', 4, '2023-12-08 23:05:17', '2023-12-13 23:21:02', NULL, 1),
(30, 'SG1820', 115500, 1, 2, 1, 'SG1820.jpg', '承襲SG經典造型設計˙琴身木材及設計適合多樣的音樂曲風˙完美地明亮渾厚的低頻音色\n\n3-Piece Mahogany Neck\nMaple and Mahogany Body\nGraph Tech TUSQ Nut\nSeymour Duncan Pickups/59 SH-1n, 59 SH-1b\nGrover Locking Tuners\nTonePros AVR-II Bridge\nTonePros T1Z Tailpiece\nI.R.A. Treatment\nMade in Japan', 4, '2023-12-04 03:39:37', '2023-12-18 06:18:57', NULL, 1),
(31, 'SG1820A', 124850, 1, 2, 1, 'SG1820A.avif', '搖滾風造型設計˙主動式拾音器˙重金搖滾的最佳選擇\n\n3-Piece Mahogany Neck\nMaple and Mahogany Body\nGraph Tech TUSQ Nut\nEMG Pickups/85, 81\nGrover Locking Tuners\nTonePros AVR-II Bridge\nTonePros T1Z Tailpiece\nI.R.A. Treatment\nMade in Japan', 2, '2023-12-04 22:28:04', '2023-12-13 02:25:19', NULL, 1),
(32, 'BB234', 13000, 2, 4, 1, 'BB234_1.jpg', '業界中最耐操好用的貝斯入門型號：Yamaha BB 系列。 堅硬榿木琴身 復古風格琴橋 輕量的開放式調音旋鈕', 3, '2023-12-08 14:04:14', '2023-12-12 04:00:14', NULL, 1),
(33, 'BB434', 21000, 2, 4, 1, 'BB434_1.jpg', 'BB400 系列採用 6 螺栓斜接琴頸設計，延續了著名的 BB 系列傳承下來的卓越音色和演奏性。', 6, '2023-12-01 02:33:48', '2023-12-17 20:36:43', NULL, 1),
(34, 'BB434M', 23200, 2, 4, 1, 'BB434M_1.jpg', '帶楓木指板的 BB434', 3, '2023-12-07 03:20:20', '2023-12-14 09:15:21', NULL, 1),
(35, 'TRBX204', 10260, 2, 4, 1, 'TRBX204_1.jpg', '擁有強力拾音器系統的平價電貝斯。TRBX204亮麗外型與全方位功能適合各種曲風。', 4, '2023-12-06 04:25:36', '2023-12-09 20:05:06', NULL, 1),
(36, 'TRBX174', 8800, 2, 4, 1, 'TRBX174_1.jpg', 'TRBX174帶來TRBX系列之中最經濟實惠的價格，卻又一如所有YAMAHA貝斯一般擁有精緻的高品質。', 4, '2023-12-04 04:02:38', '2023-12-04 04:07:16', NULL, 1),
(37, 'TRBX174EW', 8900, 2, 4, 1, 'TRBX174EW_1.jpg', 'TRBX170EW 搭配異國風情的琴體表面，擁有高演奏性與備受信賴的Yamaha品質。標誌性的琴頭外型非常好看，是練習、現場演奏、或是宅錄的最佳貝斯。', 2, '2023-12-07 18:47:21', '2023-12-12 16:52:23', NULL, 1),
(38, 'TRBX504', 21600, 2, 4, 1, 'TRBX504_1.jpg', 'TRBX500 的一切重點皆在音色。優質的桃花心木結構和極致的主動式/被動式前級系統設計，展現極高的音色靈活性，為您的音樂塑造完美的聲音。', 5, '2023-12-05 14:37:22', '2023-12-18 08:51:40', NULL, 1),
(39, 'TRBX505', 21500, 2, 4, 1, 'TRBX505_1.jpg', 'TRBX500 系列 5 弦版、實心桃花心木琴身結構、五層式楓木與桃花心琴頸結構、纖細的 43mm 弦枕寬度、配備三段式EQ的主動式/被動式前級', 2, '2023-11-30 09:14:31', '2023-12-15 03:26:55', NULL, 1),
(40, 'TRBX304', 15000, 2, 4, 1, 'TRBX304_1.jpg', 'TRBX300 就是為了「您的表演」這個原則而打造。完美平衡、極致舒適的實心桃花心木琴身展現最佳的音色基礎，同時主動式電路的演出音色組切換器可讓您立即使用各種不同風格的音色，給您所需要的表現力。', 6, '2023-12-05 08:01:12', '2023-12-09 01:05:24', NULL, 1),
(41, 'TRBX305', 17300, 2, 4, 1, 'TRBX305_1.jpg', 'TRBX300 系列 5 弦版、實心桃花心木結構、五層式楓木與桃花心琴頸結構、2 段主動式EQ旋鈕，配備5段式演出音色組切換器', 7, '2023-12-04 20:48:40', '2023-12-17 06:11:38', NULL, 1),
(42, 'TRBX1005J', 41900, 2, 4, 1, 'TRB1005J_1.jpeg', '選用高級赤楊木做為琴體材料、表面層採用上等楓木皮、鎖接(Bolt-on)楓木琴頸搭配 24 琴格玫瑰木指板、採用 889 mm (35\") 弦長設計 。渾厚有力的音色來自於兩顆 Alnico hum-canceling 拾音器、主動式前置擴大器結合 3-Band EQ。黑色金屬配件與黑色 Solid brass 琴橋，為 TRB 系列的經典配備。', 4, '2023-11-30 09:31:33', '2023-12-18 05:26:09', NULL, 1),
(43, 'BBNE2', 108900, 2, 4, 1, 'BBNE2_1.jpg', '採用貫穿式琴頸設計，24琴格的琴頸由楓木和桃花心木打造而成，配上鑲有花紋珍珠母的黑檀木指板。獨特的 BB 琴身是由楓木和赤楊木製成，可產生飽滿而清晰的聲音。BPZ-7 琴橋採用獨立機械式弦枕，提供精確的音調、低調但優雅的外型。堆疊 Alnico 雙線圈拾音器透過 Yamaha 的 5 段控制主動電路進行切換，具備特製的 3 頻 EQ 與可切換的中頻功能，可為任何情境提供多樣性的聲音效果。', 1, '2023-11-30 10:10:42', '2023-12-12 22:05:35', NULL, 1),
(44, 'ATTITUDE LIMITED 3', 112200, 2, 4, 1, 'ATTITUDE_LIMITED 3_1.jpg', 'Billy Sheehan的傳奇貝斯Attitude回來了。日本手工的 Attitude Limited 3將精緻的工藝與Billy Sheehan的音色帶到全新的境界。有驚艷的湖水藍與經典黑色兩款可選擇。', 5, '2023-12-03 13:05:03', '2023-12-10 03:19:08', NULL, 1),
(45, 'TRBJP2', 149160, 2, 4, 1, 'TRBJP2_1.jpg', '與其創造者的演奏完美匹配的 TRBJP2 John Pattitucci 款式，擁有令人極佳的訂製規格和優質架構，成為一台隨時準備好因應任何需求的貝斯吉他。', 6, '2023-12-06 20:29:39', '2023-12-08 19:47:18', NULL, 1),
(46, 'TRBX604FM', 24200, 2, 4, 1, 'TRBX604FM_1.jpg', 'TRBX600 是所有元素的完美平衡。3D 雕塑的赤楊木/楓木琴身展現強大表現力的音色、火焰楓木琴體表面的極致美感、Yamaha配備三段式EQ的主動式/被動式前級的強大力量、手感極佳的纖細貝斯琴頸。是您所需以及嚮往的集大成之作。', 3, '2023-12-07 15:37:35', '2023-12-15 18:08:18', NULL, 1),
(47, 'TRBX605FM', 24500, 2, 4, 1, 'TRBX605FM_1.jpg', 'TRBX600 系列 5 弦版、赤楊木/楓木琴身結構、火焰楓木琴體表面、五層式楓木與桃花心琴頸結構、纖細的 43mm 弦枕寬度、配備三段式EQ的主動式/被動式前級', 5, '2023-12-05 00:52:05', '2023-12-13 03:40:17', NULL, 1),
(48, 'GSR180 BEM', 8500, 2, 4, 3, 'GSR180_BEM_1.jpg', '紫心指板強調了這款貝司的美感和豐富的音色特徵、B10琴橋允許完全調整音調和穩固的調音穩定性。', 2, '2023-12-05 16:18:34', '2023-12-06 02:03:15', NULL, 1),
(49, 'GSR180 BK', 8500, 2, 4, 3, 'GSR180_BK_1.jpg', '日本品牌Ibanez，180系列入門電貝斯。 經濟實惠的價格，承襲Ibanez樂器高品質與水準的外觀與質感', 7, '2023-12-06 04:22:32', '2023-12-17 10:41:41', NULL, 1),
(50, 'GSR180 BS', 8500, 2, 4, 3, 'GSR180_BS_1.jpg', '紫心指板強調了這款貝司的美感和豐富的音色特徵、B10琴橋允許完全調整音調和穩固的調音穩定性。', 6, '2023-11-30 12:46:00', '2023-12-15 09:24:43', NULL, 1),
(51, 'SR300', 13800, 2, 4, 3, 'SR300_1.jpg', 'SR系列發展出高舒適度的滑順手感琴頸，輕量化琴身，以及完美和襯的拾音器-電路系統，具備超高可玩性。', 4, '2023-12-02 07:51:18', '2023-12-10 17:33:19', NULL, 1),
(52, 'MIJ Aerodyne II J Bass RW BLK', 35670, 2, 4, 4, 'MIJ_Aerodyne_II_J_Bass_RW_BLK_1.jpeg', 'Aeordyne II 採用 2 點顫音琴橋、標準式調音器和安裝在高品質榿木琴身上的 9.5 英寸半徑琴頸。該樂器擁有專為現代演奏者量身定制的規格和風格。該型號具有 PJ 拾音器組合，可用於多種聲音創作。', 2, '2023-12-02 22:23:14', '2023-12-18 23:14:26', NULL, 1),
(53, 'MIJ Hama Okamoto Precision Bass OWT', 36000, 2, 4, 4, 'MIJ_Hama_Okamoto_Precision_Bass_OWT_1.jpg', '濱田郁未簽名款 配上較細的J BASS琴頸 復古造型的橢圓形弦鈕，以Hama_Okamoto 最愛的1968年Fender Precision Bass為基礎，配上較細的JAZZ BASS琴頸與復古造型的橢圓形弦鈕、琴橋蓋與戴帽色的護板', 6, '2023-12-02 07:48:02', '2023-12-07 16:46:40', NULL, 1),
(54, 'MIJ J Precision Bass MN BGL', 49800, 2, 4, 4, 'MIJ_J_Precision_Bass_MN_BGL_1.jpeg', '搖滾樂隊 LUNA SEA 在日本和其他亞洲國家非常受歡迎，它的貝斯手 J 多年來使用過各種 Precision Bass。這次，我們將發布一款型號“Made in Japan J Precision Bass Black Gold”，它繼承了日本製造的規格作為標誌性貝斯。梣木琴身與專為該款新開發的 J Custom P Bass', 6, '2023-12-08 09:46:58', '2023-12-11 17:11:02', NULL, 1),
(55, 'MIJ LTD Traditional II 60s J Bass RSTD RW OWT', 41800, 2, 4, 4, 'MIJ_LTD_Traditional_II_60s_J_Bass_RSTD_RW_OWT_1.jpeg', '產品將在 2021 年限量發行，並將在系列旁邊貼上一個特殊的貼花，以紀念 75 週年，4弦枕復古風格琴橋和為傳統系列選擇的原始拾音器，產生逼真的音樂復古音色。本系列體現了紮實的吉他工藝和對演奏者需求的靈活響應。', 1, '2023-12-08 18:06:38', '2023-12-10 12:46:20', NULL, 1),
(56, 'EHB1000-PWM BASS', 37800, 2, 4, 3, 'EHB1000_PWM_BASS_1.jpeg', 'EHB的無頭結構和經過特殊設計琴體身使演奏者無論坐下還是站立都可以保持類似的演奏姿勢。琴體背部的上半部分傾斜，使BASS稍稍靠近演奏者的身體，以實現更好的控制和更符合人體工程學的感覺。符合人體工程學的輪廓設計和輕巧的琴體使它平衡、舒適，非常適合長時間練習。', 6, '2023-12-05 02:32:59', '2023-12-17 09:29:45', NULL, 1),
(57, 'SR500E BASS', 27800, 2, 4, 3, 'SR500E_BASS_1.jpeg', 'SR系列30年以來，以現代化元素，為樂手們提供各式各樣的選擇，無論是什麼規格與定位，皆貫徹了SR平滑的琴頸、輕盈的重量與合適的電控系統。玫瑰木指板提供均衡集中的中頻音色。Accu-cast B500 琴橋具備可調節的弦枕，滿足不同樂手、曲風的最佳需求。', 0, '2023-12-03 00:58:50', '2023-12-10 08:20:33', NULL, 1),
(58, 'EHB1005MS-SFM BASS', 43800, 2, 4, 3, 'EHB1005MS_SFM_BASS_1.jpeg', '琴頸的烤楓木經過熱處理，可以提高穩定性，耐用性，防潮性和溫度變化的承受能力。在琴體背部極致的切割工藝使進行高把位演奏時更舒適。夜光的側點鑲嵌品標可在黑暗環境中提供清晰的可見性。Vari-mid 3頻段均衡器具有可變的中頻控制，可讓您撥出令人難以置信的各種聲音。', 1, '2023-12-02 14:28:52', '2023-12-09 07:38:55', NULL, 1),
(59, 'GS Mini-e Maple Bass', 27000, 2, 3, 11, 'GS_Mini_e_Maple_Bass_1.jpg', 'GS Mini系列，36吋旅行電木貝斯、 西卡雲杉木面單板，楓木側背板，聲音有力動態廣、 ES-B拾音器，忠實放大吉他自然原聲(具調音功能)', 1, '2023-12-05 08:24:29', '2023-12-10 08:23:44', NULL, 1),
(60, 'Bird MBS 18E', 15800, 2, 3, 11, 'Bird_MBS_18E_1.jpg', '紅松木，擁有明顯的直紋路，顏色較雲杉木暗且偏紅，質地軟，渲染力高的木材，帶有穿透性的中頻。新琴期間音量就能發揮得非常好，音色溫暖厚實，輕觸弦的技巧都能有較好的表表現。桃花心木，紋路較直，質地堅硬重量輕，聲音傳導較快，音色清脆高亮。彈奏時高頻較有顆粒感，低頻的呈現較溫暖豐富。', 3, '2023-12-01 00:50:02', '2023-12-18 08:39:27', NULL, 1),
(61, 'MBS14E', 14800, 2, 3, 11, 'MBS14E_1.jpg', '36吋面單貝斯，搭配創新立木音梁設計，提升音色的穿透力讓高頻更飽滿、低頻共鳴更深層，在彈奏上有更豐富活躍的表現。令人耳目一新的鳥貝斯設計，有著24格琴格，兩個八度的音域，滿足不想只彈低音的你。除了直切角的設計之外，另外在加上斜角切角，雙切角設計讓24音格可以充分的發揮。', 4, '2023-12-07 12:02:36', '2023-12-13 03:12:03', NULL, 1),
(62, 'CFX', 738000, 3, 6, 1, 'CFX.avif', '專為全球最大的舞台而設計。音樂家的手滑過鋼琴流洩出純淨音樂，讓全球最負盛名的音樂廳充滿美妙的音樂。', 3, '2023-12-05 18:10:16', '2023-12-11 14:02:25', '2023-12-13 17:31:57', 1),
(63, 'CF6', 336000, 3, 6, 1, 'CF6.avif', '中型音樂廳的最佳選擇。本質就是為專業演奏打造，優美的共鳴讓您每場演出都為舞台更添顏色。', 0, '2023-12-03 23:44:00', '2023-12-17 21:42:00', '2023-12-13 17:32:18', 1),
(64, 'CF4', 294000, 3, 6, 1, 'CF4.avif', '有限的身體卻蘊含無限的能量。只要是演出，聲音永遠都是最重要的。演奏級平台鋼琴的音質帶給我們的驚喜遠超越其尺寸。', 4, '2023-12-02 17:43:18', '2023-12-18 13:34:47', '2023-12-13 17:32:29', 1),
(65, 'YUS1', 315000, 3, 5, 1, 'YUS1.jpg', 'YUS 系列獨特的華麗音調和奢華的共鳴。秉持我們對音色不屈的承諾，利用 121 cm 的小巧箱體打造。', 1, '2023-12-03 23:18:45', '2023-12-11 23:48:17', NULL, 1),
(66, 'YUS3', 345000, 3, 5, 1, 'YUS3.jpg', '高度為 131 cm 的傳統直立鋼琴型號，展現更具表現力和共鳴的優質音色。', 3, '2023-12-01 17:57:20', '2023-12-10 12:39:49', NULL, 1),
(67, 'YUS5', 388000, 3, 5, 1, 'YUS5.avif', '鍵盤動作與頂級平台鋼琴型號相同，展現出極具表現力的控制和彈奏樂趣。YUS 系列的巔峰之作，結合優雅和高雅以及最優質的音色。', 6, '2023-11-30 15:59:07', '2023-12-09 05:49:30', NULL, 1),
(68, 'U1J', 150000, 3, 5, 1, 'U1J.jpg', '這款 121 cm 型號鋼琴乃依據備受讚譽的 U 系列直立鋼琴設計，並透過對外型的精心打造（包括光澤的表面）凸顯該系列出色的音調，讓您長時間彈奏樂器，仍常保其優雅精緻的美感。', 1, '2023-12-08 02:56:10', '2023-12-11 23:20:33', NULL, 1),
(69, 'U1J PWHC', 210000, 3, 5, 1, 'U1JPWHC.png', 'U1J 採用備受讚譽的 U 系列直立式傳統鋼琴設計，不僅擁有 U 系列渾然天成的音色，更具有匠心獨具的塗裝工藝，外型高質感之美絕對歷久彌新。', 7, '2023-12-05 08:00:01', '2023-12-17 22:06:19', NULL, 1),
(70, 'U1JCP SDW', 210000, 3, 5, 1, 'U1JCPSDW.jpg', 'U1J 採用備受讚譽的 U 系列直立式傳統鋼琴設計，不僅擁有 U 系列渾然天成的音色，更具有匠心獨具的塗裝工藝，外型高質感之美絕對歷久彌新。', 2, '2023-12-06 23:34:24', '2023-12-13 02:32:29', NULL, 1),
(71, 'U3', 260000, 3, 5, 1, 'U3.jpg', 'U 系列中高度最高的型號，達 131 cm，體現出更高的表現力和彈奏效果。', 3, '2023-12-05 02:00:09', '2023-12-11 10:20:01', NULL, 1),
(72, 'YU5X', 184000, 3, 5, 1, 'YU5X.avif', 'YU5X以創造“音・樂”為原點，持續保證細節上的高品質，並追求鋼琴本質的卓越性能，其特製的內襯弦槌、精確平均的擊弦機、超長的懸掛技術、V-pro真空鑄鐵板，集100餘年鋼琴製造工藝與現代精工於一身，讓您享受靈敏的觸鍵，演繹豐富而深厚的優美音色。', 5, '2023-12-07 16:39:58', '2023-12-17 14:44:57', NULL, 1),
(73, 'CLP-785 (黑色)', 145000, 3, 7, 1, 'CLP-785.jpg', 'Clavinova CLP 系列的旗艦直立式鋼琴風格型號，配有平衡配重的 GrandTouch 鍵盤和系列中最佳的音響系統。', 3, '2023-12-05 01:09:59', '2023-12-10 16:05:45', NULL, 1),
(74, 'CLP-785 (光澤白色)', 175000, 3, 7, 1, 'CLP-785-WH.jpg', 'Clavinova CLP 系列的旗艦直立式鋼琴風格型號，配有平衡配重的 GrandTouch 鍵盤和系列中最佳的音響系統。', 0, '2023-12-04 12:58:47', '2023-12-13 11:24:01', NULL, 1),
(75, 'CLP-775 (黑色)', 113000, 3, 7, 1, 'CLP-775.avif', 'GrandTouch 鍵盤、經過微調的三向揚聲器和轉換器為您帶來真正的平台鋼琴的觸感。', 4, '2023-12-02 07:31:38', '2023-12-06 10:59:16', NULL, 1),
(76, 'CLP-775 (白色)', 113000, 3, 7, 1, 'CLP-775-WH.jpg', 'GrandTouch 鍵盤、經過微調的三向揚聲器和轉換器為您帶來真正的平台鋼琴的觸感。', 3, '2023-12-02 19:43:43', '2023-12-17 04:59:04', NULL, 1),
(77, 'CLP-745 (黑色)', 82000, 3, 7, 1, 'CLP-745.jpg', '強大的雙向揚聲器、Bluetooth®音頻功能以及精美 GrandTouch-S 木質琴鍵鍵盤為不同的鋼琴家提供了前所未有的演奏能力。', 6, '2023-12-04 01:13:23', '2023-12-09 07:30:31', NULL, 1),
(78, 'CLP-745 (白色)', 82000, 3, 7, 1, 'CLP-745-WA.jpg', '強大的雙向揚聲器、Bluetooth®音頻功能以及精美 GrandTouch-S 木質琴鍵鍵盤為不同的鋼琴家提供了前所未有的演奏能力。', 1, '2023-12-04 07:56:37', '2023-12-11 08:18:38', NULL, 1),
(79, 'CLP-735 (黑色)', 65000, 3, 7, 1, 'CLP-735.jpg', 'CFX and Bösendorfer Imperial 平台鋼琴的取樣音訊內容，有著來自這兩種世界知名鋼琴的雙耳道取樣。亦可盡享多種節奏的演奏，以及兩種新的古鋼琴聲音。', 3, '2023-12-06 23:00:04', '2023-12-10 19:12:36', NULL, 1),
(80, 'CLP-735 (白色)', 65000, 3, 7, 1, 'CLP-735W.webp', 'CFX and Bösendorfer Imperial 平台鋼琴的取樣音訊內容，有著來自這兩種世界知名鋼琴的雙耳道取樣。亦可盡享多種節奏的演奏，以及兩種新的古鋼琴聲音。', 6, '2023-12-08 12:10:46', '2023-12-12 19:30:28', NULL, 1),
(81, 'CLP-725', 49000, 3, 7, 1, 'CLP-725.jpg', '您理想的第一台鋼琴。平台鋼琴模擬系統(Grand Expression Modeling)提供接近平台鋼琴的表現力，以及兩個最好的平台鋼琴音色：Yamaha CFX 和貝森朵夫帝王琴。', 3, '2023-12-08 16:27:30', '2023-12-17 14:57:49', NULL, 1),
(82, 'GP-3', 99500, 3, 6, 2, 'GP-3.webp', '具有 Piano Reality Standard 音源的最小型平台鋼琴，獨特的纖薄琴體更節省空間', 7, '2023-12-06 21:49:45', '2023-12-12 02:08:44', NULL, 1),
(83, 'GP-6', 183000, 3, 6, 2, 'GP-6.jpg', '優雅迷你平台琴體搭載我們先進的 Piano Reality Premium Modeling 建模音源的中階 GP 鋼琴', 5, '2023-12-08 00:09:53', '2023-12-14 01:07:25', NULL, 1),
(84, 'GP-9', 325000, 3, 6, 2, 'GP-9.jpg', 'Roland旗艦級的平台鋼琴，採用華麗的琴體和尖端的 Piano Reality Concert 建模技術音源，為您帶來極致的音樂體驗。', 1, '2023-12-02 12:37:06', '2023-12-14 17:45:14', NULL, 1),
(85, 'LX708', 143900, 3, 5, 2, 'LX708.jpg', '作為Roland LX700系列的旗艦產品，LX708重現了宏偉表演場地演奏平台型鋼琴的無比樂趣。在LX系列當中，高挑的琴體使它更顯出眾，可開闔的上蓋，可達到最佳的聲音投射，這部豪華的樂器釋放強大的氣場。強勁的八個喇叭音響系統，讓您的家洋溢優美音樂，LX708是挑剔演奏家的極致選擇。', 7, '2023-12-04 00:58:03', '2023-12-10 00:51:52', NULL, 1),
(86, 'LX706', 162500, 3, 5, 2, 'LX706.webp', '對於在Roland LX700系列的功能和價格之間尋求平衡的演奏家來說，LX706需要更細心的一探究竟。LX706是專為挑剔鋼琴家而設計，居LX700系列的中階位置，以適合居家的造型，再現了傳統平台鋼琴的經典演奏表現力。就像旗艦LX708型號一樣，您可以選擇真正的鋼琴音色和內建的音場音響技術，以及動態的Hybrid Grand複合平台鍵盤，來激發您的創造力。但是具有較小的琴身，封閉式上蓋設計和六個喇叭系統，LX706擁有專業級性能與較低預算的價格。', 0, '2023-12-06 02:19:52', '2023-12-15 09:08:17', NULL, 1),
(87, 'LX705', 99800, 3, 5, 2, 'LX705.jpg', '不需要昂貴的花費，就能在家裡享受傳統平台鋼琴的震動人心的表現，為您介紹Roland LX705。雖然嚴苛的鋼琴家最青睞旗艦級LX708和中階的LX706型號，但預算有限的音樂家將對LX705的表現感到驚艷，LX705在極具競爭力的內裝裡，保留了許多同樣出色的功能。蘊藏在它LX700系列中最小琴體的內部，您將發現真實的鋼琴音色和多種內建音場效果，加上教學輔助功能，藍牙連接性能和反應靈敏的PHA-50鍵盤，讓您的手指在鋼琴上飛揚。透過四個喇叭系統將音樂帶進您的世界，這部LX700系列的入門級機種表現，遠遠超乎期待。', 7, '2023-12-04 13:13:07', '2023-12-11 10:43:28', NULL, 1),
(88, 'HP704', 49800, 3, 7, 2, 'hp704.jpg', 'HP704提供一流錄音室所期望的鋼琴風格、性能和清晰的聲音投影。它時尚、精緻的琴體設計，讓這款數位鋼琴無論在哪裡演奏，都擁有卓然的姿態，多種外觀色澤選擇適合各種場地風格。先進的PHA-50鍵，內建輔助功能，透過Bluetooth®藍牙無線連線音樂app，激發您演奏、探索和進步的動力。高挑優雅的琴體，裝載強大的四喇叭音響系統，當您演奏時，或是當您播放行動裝置裡喜愛的歌曲時，展現動態豐富、縈繞滿室的飽滿樂聲。', 4, '2023-12-07 00:55:31', '2023-12-10 00:55:45', NULL, 1),
(89, 'HP702', 147440, 3, 7, 2, 'hp702.jpg', '價格實惠的HP702家用型鋼琴，為您帶來時尚和優質鋼琴性能。在夜間練習時，耳機3D音場功能讓您沉浸於優美的立體音響之中。透Bluetooth®無線傳輸歌曲和App音訊或是嘗試內建輔助功能，可讓您演奏技巧更進步。無論要演出哪種音樂情境，HP702都能提供超乎您想像的卓越鋼琴體驗。', 6, '2023-12-05 22:03:56', '2023-12-06 17:39:39', NULL, 1),
(90, 'DP603', 117600, 3, 7, 2, 'dp603.jpg', '當您終於打造出您的完美夢想家居時，一定不希望一部老舊不美觀的鋼琴破壞了整體設計感。Roland DP603這部新的數位鋼琴時尚的琴體與極簡的設計，能夠完美地融入您的現代化居家空間。DP603的引人之處不僅在外表，它配備了Roland最新的SuperNATURAL Piano Modeling超真實鋼琴模組音源，展現飽滿逼真的聲音，還有PHA-50鍵盤具有極富表現力的彈奏感。內建多種練習輔助功能，可以無線連線您的平板或智慧型手機，可做藍牙音訊播放並可連線使用最新的app。完美結合古典鋼琴音色與現代化設計，Roland DP603是現代派鋼琴手的完美選擇。', 6, '2023-12-06 20:18:29', '2023-12-13 02:08:59', NULL, 1),
(91, 'RP701', 58500, 3, 7, 2, 'RP701.jpg', 'RP701 的設計也非常直覺，即使年幼的小小鋼琴家也可以立即上手。簡單易讀的圖示和整潔的前方面板，可確保您能夠專注於演奏和享受上，而無須翻閱使用手冊。透過內建的藍牙連結功能，您可以從智慧型手機中播放線上音樂，並使用多種app，總是不斷出現一些新鮮程式可以嘗試，以保持每個人的學習動力。透過強大的內建揚聲器，讓樂聲洋溢房間，在沉浸式體驗的耳機 3D 音場效果當中，可以靜心磨練您的演奏技巧，或者單純地欣賞它高質感的傳統風鋼琴外觀，為您的居家生活帶來精緻的氣質。', 1, '2023-12-04 14:52:11', '2023-12-10 03:39:16', NULL, 1),
(92, '2002BigBeat', 9800, 4, 10, 6, '2002BigBeat_1.png', '2002 Big Beat 代表了對傳奇 2002 聲音的現代化而永恆的詮釋。從視覺上看，這些鈸採用了 2002 系列的全新錘擊圖案、略暗的半啞光飾面和簡化的黑色徽標，以區別 Big Beat 套裝。憑藉 2002 Big Beat 型號，我們將 2002 年的聲音帶入了一個新領域，同時保留了 2002 年的傳奇傳統。', 6, '2023-12-03 11:24:59', '2023-12-10 07:10:02', NULL, 1),
(93, 'Masters', 11500, 4, 10, 6, 'Masters_1.png', '17\" Paiste Masters Dark Crash Cymbal (5501417) 是黑暗、溫暖和煙熏味的。中寬音域，複雜的混音。黃油般的感覺，快速響應。非常豐富、神秘的黑暗碰撞聲音。極其活潑的镲片，適合半-寬廣的口音。響亮的設置。非常適合精緻的騎行模式或槌音。Paiste的註釋：“由於Paiste Masters 系列镲片採用獨一無二的手工製造工藝，客戶可能會遇到不同尺寸和形狀的錘痕、鑄造痕跡、氧化色痕。Paiste 確保所有 Master 系列鈸都具有最高品質，這定義了 Paiste 聲音一個多世紀的歷史。”', 3, '2023-12-01 06:41:22', '2023-12-07 05:36:55', NULL, 1),
(94, 'Precision', 13000, 4, 10, 6, 'Precision_1.png', '14 英寸Paiste 標誌性精密踩鈸明亮、溫暖、輝煌。音域寬廣、乾淨的混音。平衡的感覺。豐富、強烈的開放聲音和清晰、清晰的小雞聲音。用途廣泛的踩鈸，適用於各種音樂樣式和應用。', 0, '2023-12-08 01:58:24', '2023-12-09 16:52:55', NULL, 1),
(95, 'DarkEnergy', 23000, 4, 10, 6, 'DarkEnergy_1.png', '薄型V-CYMBAL RIDE/CRASH打擊板，具有自然的動作和打擊感CY-16R-T V-Cymba比前代鈸薄了40％，提供了自然而富有表現力的演奏體驗，並具有更平均的反應，更提升的鼓棒敲擊感和自然的晃動動作。CY-16R-T以其優雅的紋理設計，在舞台上展現出真實的傳統鈸視覺感。', 7, '2023-12-07 15:53:09', '2023-12-16 07:12:21', NULL, 1),
(96, 'Formula602', 7000, 4, 10, 6, 'Formula602_1.png', '溫暖、通風、咆哮、銀色。範圍相當廣泛，組合複雜。手感柔軟，反應靈敏，具有爆炸性的飛濺聲。低音調音效果鈸，適合中等音量的活潑口音。非常適合手玩。Vinnie Colaiuta 解釋道：“它們很甜蜜，它們就像背景中的標點符號。”', 4, '2023-12-04 13:23:13', '2023-12-15 01:32:37', NULL, 1),
(97, 'K0800', 36600, 4, 10, 5, 'K0800_1.webp', 'K Custom Dark銅鈸以其溫暖豐富的聲音而聞名，且能在聽覺上輕鬆的穿透出。 銅鈸上表現了輕微乾燥的聲音。', 4, '2023-12-08 03:28:04', '2023-12-11 12:00:23', NULL, 1),
(98, 'PLANETZZP4PK', 7200, 4, 10, 5, 'PLANETZZP4PK_1.webp', 'Planet Z 完整套裝在一個方便的套裝中為您提供所有標準尺寸。使用全尺寸 14 吋踩鈸、16 吋碎鈸和全尺寸 20 吋鈸應對任何風格的音樂。', 6, '2023-12-05 09:34:17', '2023-12-07 22:06:08', NULL, 1),
(99, 'KCH390K', 33550, 4, 10, 5, 'KCH390K.webp', 'K Custom Hybrid Cymbal Pack 包含帶有現代 K 音色的鈸。混合鈸由 Akira Jimbo 設計，是明亮與黑暗的完美結合。注意：您的套裝藝術品可能有所不同。', 3, '2023-12-03 14:50:24', '2023-12-14 22:36:14', NULL, 1),
(100, 'DTX452K', 29500, 4, 9, 1, 'DTX452K_1.webp', '50年製鼓經驗創造出真實、高品質的10組預設鼓組音色，10種內建的訓練功能能夠提升您作為鼓手節奏感和演奏能力，使用三區感應小鼓打板與真實大鼓踏板。', 1, '2023-12-07 19:45:52', '2023-12-13 23:54:45', NULL, 1),
(101, 'DTX6K3-X', 62000, 4, 9, 1, 'DTX6K3-X_1.webp', '忠實地重現在知名錄音室中錄製的真實的音效以及空間感。', 1, '2023-12-01 22:04:31', '2023-12-10 10:44:34', NULL, 1),
(102, 'TD-50K2', 182000, 4, 9, 2, 'TD-50K2_1.webp', '搭載 Roland 迄今最富有表現力的鼓音色和敲奏偵測技術，TD-50K2 以緊湊的配置展現旗艦等級的演奏表現力。劃時代的數位小鼓、ride 鈸、和 hi-hat 打擊板，為套鼓當中最具細膩表情的三個鼓件帶來超細膩的性能，配上全尺寸的演奏表面，可最大程度地提高打擊的舒適度。新世代 TD-50X 鼓音源機提供無與倫比的音色、演奏感和響應，還有深入的編輯工具，可完全自訂您的聲音，專業的連接性能可應付任何演出需求。緊湊的中鼓和大鼓打擊板使整套鼓佔地面積縮小，卻毫不犧牲演奏感，使這套鼓成為家庭、小型舞台，任何小空間的理想選擇。', 0, '2023-12-08 13:16:45', '2023-12-10 02:03:36', NULL, 1),
(103, 'W760', 1800, 4, 9, 1, 'W760.webp', 'W760 便攜式外音電子鼓手卷矽膠架子鼓黑色含鼓棒腳踏USB線音頻線電源插頭英規100-240V', 4, '2023-12-06 02:31:30', '2023-12-11 03:16:45', NULL, 1),
(104, 'VAD103', 72800, 4, 9, 2, 'VAD103.webp', '作為 V-Drums Acoustic Design 系列的入門款，VAD103 是一套經濟實惠的全數位套鼓，具有傳統爵士鼓的迷人氣場和感覺，並配有淺鼓肚的木鼓殼。透過 Roland 備受讚譽的雙層網狀鼓面，和大鼓裡面的智慧型空氣阻尼減振系統讓噪音降低，在演出時倍感放鬆。流線型的中鼓配置吸引目光，加上鈸的陣容讓您充分展現英姿。將 VAD103 的大尺寸鼓和鈸打擊板安裝到一般地鼓架，搭配 18 吋大鼓，打造經典爵士鼓組的氣勢，由於占地體積不大，可設置在您家中的任何地方。TD-07 音源機凌駕於一般傳統鼓，它可為各種音樂風格提供正統的鼓組，也可以進行深度編輯並創造您的專屬鼓聲，內建Coach 教練模式可培養您的打鼓技巧，以及藍芽連線功能，可連線讓您從您手機、平板或電腦內播放音樂，並跟隨您喜愛的樂團一起打鼓。 流式傳輸', 2, '2023-11-30 22:04:35', '2023-12-01 22:16:00', NULL, 1),
(105, 'VAD706(原木色)', 265000, 4, 9, 2, 'VAD706_origin_1.webp', 'VAD706 為您帶來了前所未有的電子鼓體驗，它締結了 Roland 最先進旗艦 V-Drums 技術與高級傳統鼓手工製作的細節。這款頂級的 V-Drums Acoustic Design 套鼓搭載了數位的小鼓、ride 鈸，和hi-hat 打擊板，可為套鼓內三種最具細微表情的打擊板，帶來超細膩的演奏性。新世代 TD-50X 音源提供無與倫比的音質、演奏感，和反應，搭配了深入的編輯工具，可以完全自訂您的聲音，專業的連接性能可勝任各種的演奏狀況需求。全尺寸木製鼓肚，搭配先進的感應系統，可提供真實的傳統鼓演奏感。並提供四款光彩耀眼的外漆，讓您可以選擇符合您個人風格和品味的外觀。', 5, '2023-11-30 12:09:38', '2023-12-03 05:38:52', NULL, 1),
(106, 'VAD706(珍珠白)', 265000, 4, 9, 2, 'VAD706_white_1.webp', 'VAD706 為您帶來了前所未有的電子鼓體驗，它締結了 Roland 最先進旗艦 V-Drums 技術與高級傳統鼓手工製作的細節。這款頂級的 V-Drums Acoustic Design 套鼓搭載了數位的小鼓、ride 鈸，和hi-hat 打擊板，可為套鼓內三種最具細微表情的打擊板，帶來超細膩的演奏性。新世代 TD-50X 音源提供無與倫比的音質、演奏感，和反應，搭配了深入的編輯工具，可以完全自訂您的聲音，專業的連接性能可勝任各種的演奏狀況需求。全尺寸木製鼓肚，搭配先進的感應系統，可提供真實的傳統鼓演奏感。並提供四款光彩耀眼的外漆，讓您可以選擇符合您個人風格和品味的外觀。', 7, '2023-12-05 16:27:00', '2023-12-15 21:37:33', NULL, 1),
(107, 'VAD706(深夜黑)', 265000, 4, 9, 2, 'VAD706_black_1.webp', 'VAD706 為您帶來了前所未有的電子鼓體驗，它締結了 Roland 最先進旗艦 V-Drums 技術與高級傳統鼓手工製作的細節。這款頂級的 V-Drums Acoustic Design 套鼓搭載了數位的小鼓、ride 鈸，和hi-hat 打擊板，可為套鼓內三種最具細微表情的打擊板，帶來超細膩的演奏性。新世代 TD-50X 音源提供無與倫比的音質、演奏感，和反應，搭配了深入的編輯工具，可以完全自訂您的聲音，專業的連接性能可勝任各種的演奏狀況需求。全尺寸木製鼓肚，搭配先進的感應系統，可提供真實的傳統鼓演奏感。並提供四款光彩耀眼的外漆，讓您可以選擇符合您個人風格和品味的外觀。', 4, '2023-12-03 23:04:57', '2023-12-13 07:45:04', NULL, 1),
(108, 'VAD706(櫻桃紅)', 265000, 4, 9, 2, 'VAD706_red_1.webp', 'VAD706 為您帶來了前所未有的電子鼓體驗，它締結了 Roland 最先進旗艦 V-Drums 技術與高級傳統鼓手工製作的細節。這款頂級的 V-Drums Acoustic Design 套鼓搭載了數位的小鼓、ride 鈸，和hi-hat 打擊板，可為套鼓內三種最具細微表情的打擊板，帶來超細膩的演奏性。新世代 TD-50X 音源提供無與倫比的音質、演奏感，和反應，搭配了深入的編輯工具，可以完全自訂您的聲音，專業的連接性能可勝任各種的演奏狀況需求。全尺寸木製鼓肚，搭配先進的感應系統，可提供真實的傳統鼓演奏感。並提供四款光彩耀眼的外漆，讓您可以選擇符合您個人風格和品味的外觀。', 7, '2023-12-06 05:10:56', '2023-12-11 05:17:31', NULL, 1),
(109, 'TD-1KPX2', 42100, 4, 9, 2, 'TD-1KPX2_1.webp', 'TD-1KPX2具有TD-1KPX攜帶型套鼓相同的革新、備受讚譽的可收折式設計，還配備更升級的大鼓打擊板。小鼓與中鼓採用Roland著名的網狀鼓面V-Pad，提供鼓舞人心的打擊體驗，具有自然的回彈、打感以及演奏表現力，大鼓打擊板現在更臻完美，加寬的打擊面，讓您可選擇雙踏或是單踏的設置。TD-1KPX2獨特折疊設計，無須費時拆下打擊板與鈸，就能快速收折，輕鬆搬運或收納。儘管體小巧又輕量，堅固耐用的鼓架如磐石般穩定，可應付任何演奏風格。架設快速而簡單，無論在家、現場表演，或是練團室，您到哪裡都能演奏TD-1KPX2 。只要加入大鼓雙踏或是單踏就能盡情打鼓！', 4, '2023-12-06 20:34:30', '2023-12-12 12:12:55', NULL, 1),
(110, 'TD-07KV', 39400, 4, 9, 2, 'TD-07KV_1.webp', 'TD-07KV V-Drums 套鼓小巧便利，是居家打鼓的理想選擇，擁有高階 V-Drums 出色的表現力和演奏性能，同時提供實惠的價格。Roland 原創的超靜音、雙層網狀鼓面，應用於小鼓和中鼓打擊鼓，而大尺寸的 crash 鈸和 ride 鈸打擊板，以及專屬大鼓打擊板則具有逼真、令人滿意的踩踏感，使套鼓更顯完美。TD-07KV 還提供遠遠超過任何傳統鼓的更多創意功能，包括用於打造自訂音色的深度編輯工具、內建藍牙功能可讓您跟隨音樂和課程一起演奏，USB 功能可支援連接電腦錄音軟體。', 0, '2023-12-01 01:25:20', '2023-12-16 08:16:52', NULL, 1),
(111, 'RDP2F1(暗夜黑)', 25300, 4, 8, 1, 'RDP2F1_black.webp', '全新RYDEEN(5件套鼓組)正是任何初學者及玩家會喜愛的一套鼓組。這套鼓組採用Yamaha周邊支架：原廠Yamaha中鼓及配管夾具，並搭配堅固、閃亮的色澤表面。亮面及金蔥面各有3種顏色選擇，總共有六種活力、時尚的外觀。', 1, '2023-12-04 07:11:00', '2023-12-11 07:54:54', NULL, 1),
(112, 'RDP2F1(豔麗紅)', 25300, 4, 8, 1, 'RDP2F1_red.webp', '全新RYDEEN(5件套鼓組)正是任何初學者及玩家會喜愛的一套鼓組。這套鼓組採用Yamaha周邊支架：原廠Yamaha中鼓及配管夾具，並搭配堅固、閃亮的色澤表面。亮面及金蔥面各有3種顏色選擇，總共有六種活力、時尚的外觀。', 5, '2023-12-07 00:13:12', '2023-12-14 07:01:03', NULL, 1),
(113, 'RDP2F1(精鑽白)', 25300, 4, 8, 1, 'RDP2F1_white.webp', '全新RYDEEN(5件套鼓組)正是任何初學者及玩家會喜愛的一套鼓組。這套鼓組採用Yamaha周邊支架：原廠Yamaha中鼓及配管夾具，並搭配堅固、閃亮的色澤表面。亮面及金蔥面各有3種顏色選擇，總共有六種活力、時尚的外觀。', 3, '2023-12-06 09:48:04', '2023-12-15 07:25:28', NULL, 1),
(114, 'RDP2F1(活力黃)', 25300, 4, 8, 1, 'RDP2F1_yellow.webp', '全新RYDEEN(5件套鼓組)正是任何初學者及玩家會喜愛的一套鼓組。這套鼓組採用Yamaha周邊支架：原廠Yamaha中鼓及配管夾具，並搭配堅固、閃亮的色澤表面。亮面及金蔥面各有3種顏色選擇，總共有六種活力、時尚的外觀。', 5, '2023-12-03 21:59:30', '2023-12-06 21:56:16', NULL, 1),
(115, 'RDP2F1(深咖啡)', 25300, 4, 8, 1, 'RDP2F1_brown.webp', '全新RYDEEN(5件套鼓組)正是任何初學者及玩家會喜愛的一套鼓組。這套鼓組採用Yamaha周邊支架：原廠Yamaha中鼓及配管夾具，並搭配堅固、閃亮的色澤表面。亮面及金蔥面各有3種顏色選擇，總共有六種活力、時尚的外觀。', 5, '2023-12-07 05:39:49', '2023-12-15 02:55:43', NULL, 1),
(116, 'RDP2F1(深海藍)', 25300, 4, 8, 1, 'RDP2F1_blue.webp', '全新RYDEEN(5件套鼓組)正是任何初學者及玩家會喜愛的一套鼓組。這套鼓組採用Yamaha周邊支架：原廠Yamaha中鼓及配管夾具，並搭配堅固、閃亮的色澤表面。亮面及金蔥面各有3種顏色選擇，總共有六種活力、時尚的外觀。', 2, '2023-12-02 16:56:39', '2023-12-07 20:56:04', NULL, 1),
(117, 'SBP2F5(原木色)', 46200, 4, 8, 1, 'SBP2F5_origin.webp', '自從1995年推出Stage Custom，YAMAHA再次為爵士鼓組立下音色價值的標竿。新的Stage Custom繼承100%全樺木的鼓身，並配備升級的金屬配件。', 4, '2023-12-08 08:24:35', '2023-12-13 23:14:42', NULL, 1),
(118, 'SBP2F5(珍珠白)', 46200, 4, 8, 1, 'SBP2F5_white.webp', '自從1995年推出Stage Custom，YAMAHA再次為爵士鼓組立下音色價值的標竿。新的Stage Custom繼承100%全樺木的鼓身，並配備升級的金屬配件。', 3, '2023-12-07 17:15:38', '2023-12-16 05:40:36', NULL, 1),
(119, 'SBP2F5(赭紅色)', 46200, 4, 8, 1, 'SBP2F5_darkred.webp', '自從1995年推出Stage Custom，YAMAHA再次為爵士鼓組立下音色價值的標竿。新的Stage Custom繼承100%全樺木的鼓身，並配備升級的金屬配件。', 6, '2023-12-03 16:48:58', '2023-12-10 13:34:31', NULL, 1),
(120, 'SBP2F5(經典黑)', 46200, 4, 8, 1, 'SBP2F5_black.webp', '自從1995年推出Stage Custom，YAMAHA再次為爵士鼓組立下音色價值的標竿。新的Stage Custom繼承100%全樺木的鼓身，並配備升級的金屬配件。', 6, '2023-11-30 21:08:17', '2023-12-17 10:41:27', NULL, 1),
(121, 'SBP2F5(琥珀色)', 46200, 4, 8, 1, 'SBP2F5_amber.webp', '自從1995年推出Stage Custom，YAMAHA再次為爵士鼓組立下音色價值的標竿。新的Stage Custom繼承100%全樺木的鼓身，並配備升級的金屬配件。', 5, '2023-12-04 20:04:00', '2023-12-12 00:52:55', '2023-12-12 00:52:55', 1),
(122, 'JFL1000RE', 27300, 5, 11, 7, 'jfl1000re_1.jpg', 'JFL1000RE是由鍍銀管身、按鍵以及純銀笛頭構成，為開鍵設計，購買樂器附有法式樂盒及樂袋。\n\n特點\n.925純銀笛頭，提供樂手更飽滿、豐富、溫暖兼具反射性和穿透力的音色。\nC鍵尾管式長笛因其音域可至低音C，是大多初學者的首選。\n加E鍵的設計大幅提升了高音E的音質，包含音準及音色都有不同凡響的表現。\n\n', 3, '2023-12-04 15:56:22', '2023-12-17 17:50:10', NULL, 1),
(123, 'JFL1000RBE', 32500, 5, 11, 7, 'jfl1000rbe_1.jpg', 'Jupiter的JFL1000RBE為開鍵加E鍵的長笛，這把樂器是我們最熱賣的型號之一。\n\n特點\n.925純銀笛頭，提供樂手更飽滿、豐富、溫暖兼具反射性和穿透力的音色。\nB鍵尾管的音域設計，讓樂器產生較溫潤的音色。\n加E鍵的設計大幅提升了高音E的音質，包含音準及音色都有不同凡響的表現。\n', 1, '2023-12-05 01:05:41', '2023-12-12 03:52:11', NULL, 1),
(124, 'JFL700WD', 23400, 5, 11, 7, 'jfl700wd_1.jpg', '滴波彎管長笛JFL700WD，是Jupiter使用新的笛頭技術與設計專利製造，幫助手較小的學生也能夠順利的學習長笛。\n\n特點\n專利技術滴波彎笛頭，減少唇板及按鍵之間的距離，符合低年齡層學生的人體工學。\n專為身型較小的演奏者而設計的輔助按鍵。\n一體成型的輕量化結構，搭配到低音D的音域，方便演奏者輕鬆而不費力的使用樂器。', 2, '2023-11-30 01:01:02', '2023-12-11 11:26:17', NULL, 1),
(125, 'YFL-894W', 371000, 5, 11, 1, 'YFL_894W_1.jpg', '800W Series\n它們能夠如同銀質長笛般一樣傳導振動(carrying power)！這表示Yamaha手工木製長笛不只適合獨奏與室內樂，也適合現代交響樂團。\n它傑出的音色投射力，乃因結合了最先進的 Type 4 音階與Yamaha獨特的 EC 笛頭，以及特別設計、與金屬長笛大小相同的音孔。', 2, '2023-12-07 01:01:02', '2023-12-18 10:15:27', NULL, 1),
(126, 'YFL997CH', 890000, 5, 11, 1, 'YFL_997CH_1.jpg', '我們因啟發而重新開始，回到什麼也沒有的時候，將所有的知識、改良、及今日可獲得的—我們在過去二十年裡製造最好的手工笛所獲得的技術應用於全新的手工樂器設計。\n我們著重創新，並且顯著地創造一些改變手工直笛形象的樂器。他們提供了魅力與深度兼具的音色，能讓表演者以廣闊詮釋路線及長笛演奏家夢寐以求的音色及音量來進行演奏的傳聲距離。\n最頂尖一線的手工黃金直笛為管弦樂團佈局中傑出呈現中的提供了豐富、深沉的音調。從豐富、微弱的弱音持續到高度共鳴的最強音的寬廣傳遞範圍中的高度迴響，他們讓長笛手發現在音樂表現上新的極限。\n從最優良的的細節到整體的設計，這些手工純銀長笛的每個部分、過程與零件都被設計與其它的功能互相和諧。', 0, '2023-12-01 20:18:14', '2023-12-13 10:29:08', NULL, 1),
(127, 'YFL-877H', 316000, 5, 11, 1, 'YFL_877H_1.jpg', '我們因啟發而重新開始，回到什麼也沒有的時候，將所有的知識、改良、及今日可獲得的—我們在過去二十年裡製造最好的手工笛所獲得的技術應用於全新的手工樂器設計。\n我們著重創新，並且顯著地創造一些改變手工直笛形象的樂器。他們提供了魅力與深度兼具的音色，能讓表演者以廣闊詮釋路線及長笛演奏家夢寐以求的音色及音量來進行演奏的傳聲距離。\n最頂尖一線的手工黃金直笛為管弦樂團佈局中傑出呈現中的提供了豐富、深沉的音調。從豐富、微弱的弱音持續到高度共鳴的最強音的寬廣傳遞範圍中的高度迴響，他們讓長笛手發現在音樂表現上新的極限。\n從最優良的的細節到整體的設計，這些手工純銀長笛的每個部分、過程與零件都被設計與其它的功能互相和諧。', 2, '2023-12-02 17:17:40', '2023-12-10 19:51:54', NULL, 1),
(128, 'JSS1100', 83000, 5, 12, 7, 'jss1100_1.jpg', 'JSS1100金漆高音薩克斯風是經典手工設計結合現代科技的完美典範，是在各界中廣受薩克斯風樂手好評的樂器。\n\n特點\n黃銅主體使用金漆進行表面處理，以確保有最精確的操控性及高雅的外觀。\n金屬製的反響板能使音孔呈現緊實的閉合狀態，讓音色響亮程度發揮得宜。', 6, '2023-12-03 06:32:19', '2023-12-11 08:08:04', NULL, 1),
(129, 'JSS1000', 60000, 5, 12, 7, 'jss1000_1.jpg', '在高音域當中，JSS1000擁有你所需要的功能，金漆外表、一單截式的管身和按鍵，附有吹口管、背帶、吹嘴、軟木油和擦拭布。\n\n特點\n黃銅主體使用金漆進行表面處理，以確保有最精確的操控性及高雅的外觀。\n金屬製的反響板能使音孔呈現緊實的閉合狀態，讓音色響亮程度發揮得宜。', 3, '2023-12-02 11:10:58', '2023-12-16 06:52:15', NULL, 1),
(130, 'JAS1100', 57000, 5, 12, 7, 'jas1100_1.jpg', 'JAS1100金漆高音薩克斯風是經典手工設計結合現代科技的完美典範。除了能帶給學生最好的使用經驗，也能帶領學生持續進階成為專業演奏者。\n\n特點\n精密溫控吹口管是經過特殊的退火技術所鍛造，產生復古、豐厚的音色。\n黃銅主體使用金漆進行表面處理，以確保有最精確的操控性及高雅的外觀。\n金屬製的反響板能使音孔呈現緊實的閉合狀態，讓音色響亮程度發揮得宜。', 4, '2023-12-04 20:51:57', '2023-12-09 21:10:32', NULL, 1),
(131, 'JAS500', 23000, 5, 12, 7, 'jas500_1.jpg', 'Jupiter JAS500中音薩克斯風提供初學者最佳品質的樂器。產品同時包含吹嘴、連動按鍵、高音F#。\n\n特點\n黃銅主體使用金漆進行表面處理，以確保有最精確的操控性及高雅的外觀。\n按鍵本身採用最高質量的黃銅，並經由特殊的退火技術與金漆處理過程，製成外觀雅致且堅固耐用的成品。', 1, '2023-12-04 22:19:29', '2023-12-12 10:00:38', NULL, 1),
(132, 'JBS1100', 148500, 5, 12, 7, 'jbs1100_1.jpg', 'JBS1100上低音薩克斯風是經典手工設計結合現代科技的完美典範。1100系列將帶給薩克斯風學生最好的使用經驗，還能夠陪伴學生一路進階成為專業演奏者。\n\n特點\n精密溫控吹口管是經過特殊的退火技術所鍛造，產生復古、豐厚的音色。\n按鍵本身採用最高質量的黃銅，並經由特殊的退火技術與金漆處理過程，製成外觀雅致且堅固耐用的成品。\n金屬製的反響板能使音孔呈現緊實的閉合狀態，讓音色響亮程度發揮得宜。', 3, '2023-11-30 15:15:59', '2023-12-15 10:35:41', NULL, 1),
(133, 'JBS1000', 105000, 5, 12, 7, 'jbs1000_1.jpg', 'JBS1000是最適合用於學校演奏或者重奏的上低音薩克斯風，它包含了所有你需要的功能，包含低音A鍵、Bb顫音鍵和Jupiter的音色調整，外觀以金漆烤製完成。\n\n特點\n黃銅主體使用金漆進行表面處理，以確保有最精確的操控性及高雅的外觀。\n按鍵本身採用最高質量的黃銅，並經由特殊的退火技術與金漆處理過程，製成外觀雅致且堅固耐用的成品。\n可調節式掌鍵以利於不同掌型大小的演奏者都能輕鬆演奏出動人旋律。', 2, '2023-12-05 22:54:29', '2023-12-08 21:28:59', NULL, 1),
(134, 'YSS-475II', 68000, 5, 12, 1, 'yss_475ii_1.jpg', 'YSS-475II在中等價格中具專業品質，多數設計以Custom EX薩克斯風為基礎，並具許多同樣的特點，475II提供卓越的響應、音色及音調，以及舒適的演奏性。', 7, '2023-12-03 00:26:41', '2023-12-09 07:57:06', NULL, 1),
(135, 'YSS-82Z', 115000, 5, 12, 1, 'YSS_82Z_1.jpg', '獨特的設計者提供演奏者美好的聲音。 \n基於經典的62型，客製Z系列是由特殊的合金製成，提供了更輕的重量、絕佳的演奏體驗、以及音色的靈活性。 \n客製Z系列讓演奏者能夠靈活演奏所有音域，以及提供了空前的音色靈活性，讓演奏者能演奏所有類型的音樂，不必再為樂器妥協。\n YSS-82Z提供直形頸管，YSS-82ZR提供曲型頸管。', 7, '2023-12-05 00:29:51', '2023-12-07 17:05:14', NULL, 1),
(136, 'YAS-26', 55700, 5, 12, 1, 'YAS_26_1.jpg', '新頸管接合及螺栓設計重新設計頸管接合處，使其除了在機械性上更為耐用，音色反應也更快。\n改善低音B-#C連接改良鍵臂長度設計，使皮墊跟音孔更密合，減少漏氣的發生。\n可調式大姆指座可調式大姆指座提供演奏者更舒適的樂器握拿位置。', 0, '2023-11-30 09:56:36', '2023-12-02 19:47:10', NULL, 1),
(137, 'YAS-82Z', 148000, 5, 12, 1, 'YAS_82Z_1.jpg', 'Yamaha客製Z系列持續升級。Z精雕細琢超越您的最高預期，聲音有力、演奏快速經過音沒有困難。 \n從頸管到揚音管全面重新檢視。改良為一體成形揚音管增加共振，並結合反應佳、易控制的V1頸管。', 6, '2023-12-06 18:05:56', '2023-12-11 10:02:40', NULL, 1),
(138, 'YBS-32', 230000, 5, 12, 1, 'YBS_32_1.jpg', 'Yamaha的上低音薩克斯風出色的聲音為全球演奏者皆知，以更有力量卻更精緻的音色及不同凡響的演奏性，使這些樂器的傳統形象煥然一新。', 3, '2023-12-01 07:40:57', '2023-12-18 09:58:28', NULL, 1),
(139, 'YBS-62', 288000, 5, 12, 1, 'YBS_62_1.jpg', '從上市至今已四十餘年的 Yamaha 62 系列專業級薩克斯風，在世界各地皆獲得了吹奏者的好評與青睞。全新的 YBS-62 專業級上低音薩克斯風，繼承了客製級系列的卓越吹奏性，於專業級演奏樂器設計上取得了完美的平衡。', 4, '2023-12-01 07:48:16', '2023-12-12 04:39:21', NULL, 1),
(140, 'JTR500S', 15900, 5, 13, 7, 'jtr500s_1.jpg', 'Jupiter JTR500S標準小號具備清漆管身、不銹鋼活塞，其優質的平衡性，讓初學者能夠自在地吹奏與練習。\n\n特點\n使用不銹鋼活塞能提高演奏時的敏捷程度，具有非常流暢的操控特性。\n可調節式的第一和第三調音管指環，讓演奏者便於做調整，以最舒適的狀態用完美的音準演奏。', 6, '2023-12-08 18:09:15', '2023-12-18 11:51:33', NULL, 1),
(141, 'JTR1100S', 48000, 5, 13, 7, 'jtr1100s_1.jpg', 'Jupiter 1100S進階小號有極佳的音色和操控性，吹奏時可以發覺其具備專業級的音色和特性。經特殊設計的吹口管獲得學生和專家的一致好評。\n\n特點\n玫瑰黃銅提供樂器溫和的音色並延長樂器壽命。\n吹口管的裝配位置讓演奏者能夠隨心操作，將技巧發揮到極致。\n可調節式的第三調音管指環，讓演奏者便於做調整，以最舒適的狀態用完美的音準演奏。', 0, '2023-12-03 06:54:09', '2023-12-11 01:04:05', NULL, 1),
(142, 'YTR-4335GII', 36000, 5, 13, 1, 'YTR_4335GII_1.jpg', '保留熱賣款YTR-4335G一樣的基本設計，全新型號在演奏上有更佳化的改良且音色也更有力。\n4000系列搭配改良式兩片金銅揚音口，它的金屬厚度能提升聲音與演奏性。\n比一般活塞更重一點的活塞蓋與按鈕設計，使這款小號更有放射力與力道。', 2, '2023-12-08 23:10:26', '2023-12-15 01:41:12', NULL, 1),
(143, 'YTR-6335', 56000, 5, 13, 1, 'YTR_6335_1.jpg', '具備全方位演奏性能\n具全方位演奏性能的中等重量設計的Yamaha專業級小號.\n\nYTR6335是採中大口徑及黃銅揚聲口設計, 適合各場合演奏工作室,大樂隊,管弦樂團,協奏曲,獨奏等.其絶佳的音調及演奏力,讓您充分享受音樂的感動!!', 6, '2023-12-02 07:58:01', '2023-12-11 21:07:05', NULL, 1),
(144, 'JTB1100FR', 37500, 5, 14, 7, 'jtb1100fr_1.jpg', 'JTB1100FR 是高品質和價格實惠的最佳選擇，改良後的F鍵阻力更小、提升吹奏操縱性。\n\n特點\n黃銅主體使用金漆進行表面處理，以確保有最精確的操控性及高雅的外觀。\n紅銅喇叭口擁有溫暖的外觀色調，以及厚實的音色，使演奏更有渲染力。\n鎳銀製的外滑管增添使用上的耐用性，也兼具保護功能，並促使演奏時聲音效果集中，且更響亮。', 3, '2023-12-02 07:27:52', '2023-12-16 23:38:00', NULL, 1),
(145, 'JTB1150FO', 58000, 5, 14, 7, 'jtb1150fo_1.jpg', 'JTB1150FO採用547\"大口徑設計，附F調調音管，能夠自在的吹奏出完美共鳴，這款長號是許多老師推薦的型號。\n\n特點\n黃銅主體使用金漆進行表面處理，以確保有最精確的操控性及高雅的外觀。\n特製的鎳銀外滑管有效強化耐用程度，並也兼具了保護功能。\n附有F調音管。', 6, '2023-12-08 11:16:35', '2023-12-10 06:19:07', NULL, 1),
(146, 'YSL-354', 28800, 5, 14, 1, 'YSL_354_1.jpg', 'Yamaha的標準型長號設計使初學者更容易演奏出悅耳的聲音，由高度訓練的工藝師所製造，與我們在頂級型號中所運用的規格及製造過程相似，而每支樂器都經過非常嚴謹的試奏與專家的鑒定，這是許多頂尖藝術家評論山葉標準型號的長號品質與專家型號非常接近的原因，而對初學者而言也更容易演奏，標準型號為耐用、高品質的長號，為踏入音樂之門的演奏者創造了完美的起步。', 6, '2023-12-06 14:14:27', '2023-12-15 07:19:23', NULL, 1),
(147, 'YSL-610', 65300, 5, 14, 1, 'YSL_610_1.jpg', 'Yamaha 專業款長號因其敏捷的反應力、極精確音高和溫暖豐富的音調，長期以來大受歡迎。專業款系列保留所有最佳特質，並增添一些來自 Xeno 系列長號的設計特點。他們寬廣的音色具備明確的核心音調，在任何力道和音域都有極佳的投射力。610 配備的大型內管，適用於強烈管弦樂團表演風格，而630 則具有適合搭配所有音樂類型的次大型內管。兩款樂器都有兩片式揚音管，可產生快速回應；窄型滑管和中等重量的架構，則為演奏提供高度彈性。', 0, '2023-12-07 08:05:39', '2023-12-07 23:54:37', NULL, 1),
(148, 'JBR700', 42000, 5, 15, 7, 'jbr700_1.jpg', 'JBR700是三支活塞按鍵的上低音號，有清漆的表面以及512\" 的口徑和 9.5\" 的喇叭口。它的音色及操控性非常好，再配上優雅簡約的設計，以親民的價格滿足音樂團體的低音銅管需求。\n特點\n黃銅主體使用金漆進行表面處理，以確保有最精確的操控性及高雅的外觀。\n使用不銹鋼活塞能提高演奏時的敏捷程度，具有非常流暢的操控特性。\n經典而雅致的木製樂盒，擁有優良的保護功能，方便攜帶、精巧好收納。', 0, '2023-12-03 18:09:06', '2023-12-10 01:42:39', NULL, 1),
(149, 'JBR730', 51000, 5, 15, 7, 'jbr730_1.jpg', 'JBR730 正常尺寸3/4的學生型上低音號，紅銅管身、鎳銀音管、三個不銹鋼活塞及531\" 的口徑，有簡約設計的直立喇叭口，和引人注目的漂亮漆面。\n特點\n黃銅主體使用金漆進行表面處理，以確保有最精確的操控性及高雅的外觀。\n紅銅提供樂器溫和的音色亦能延長樂器壽命。\n使用不銹鋼活塞能提高演奏時的敏捷程度，具有非常流暢的操控特性。', 0, '2023-12-08 02:42:39', '2023-12-12 23:37:34', NULL, 1),
(150, 'YBH-621S', 140000, 5, 15, 1, 'YBH_621S_1.jpg', 'YBH-621/621S 多年來已經是世界上數一數二的知名細管上低音號，因其高貴、豐富的音色而與眾不同。它具備極佳的可演奏性─可給予快速且舒適的回應─並有非常精準的音高。', 1, '2023-12-06 21:00:01', '2023-12-08 02:39:31', NULL, 1),
(151, 'YEP-201', 108000, 5, 15, 1, 'YEP_201_1.jpg', 'YEP-201/201S 是特別適合年紀較小樂手使用的替代款式。重量較其他更高階的款式輕，手持和吹奏起來更容易，但仍具備洪亮且飽滿的音色，能輕鬆產生共鳴。', 5, '2023-12-08 04:35:11', '2023-12-14 04:59:59', NULL, 1),
(152, 'V20G', 23232, 6, 18, 1, 'Yamaha 小提琴 V20G_1.jpg', 'V20G是另一款以Guarneri為創作靈感的小提琴，能產生豐富甜美卻又強而有力的音色。每把琴都用特別調製的修色油性漆仔細塗飾，呈現漂亮溫暖的色調。製作提琴的木頭是經過細心挑選，跟YVN系列小提琴一樣，V20G能演奏出優異音色與演奏性，每把琴的品質一致。', 4, '2023-12-04 22:09:08', '2023-12-08 05:08:54', NULL, 1),
(153, 'V7SG', 19800, 6, 18, 1, 'Yamaha 小提琴 V7SG.jpg', 'V7G 採用精選天然木材手工製作而成，是想要真正小提琴的初學者理想的第一把樂器。每件樂器均經過精心手工製作，並採用特殊的油性清漆著色，呈現出光澤的外觀。輕質系弦板還具有四個精細調音器，為初次演奏者提供他們開始演奏時所需的易用性。', 1, '2023-12-03 09:03:24', '2023-12-12 16:02:32', NULL, 1),
(154, 'YEV-105 原色', 11111, 6, 18, 1, 'Yamaha 小提琴 YEV-105_1.jpg', 'Yamaha先進的木材製程技術，創造了全新一款的電子小提琴，其擁有創新的精美外觀和更具特色的表現張力。 對於音樂愛好者，一把能夠使他們享受超越經典的樂器，無疑是最佳的選擇。全新的電子小提琴設計理念結合了木材的美麗、簡單乾淨的線條和舒適的輕量設計，創造了優美的現場演出專用小提琴。 (5 弦)', 4, '2023-12-06 16:44:53', '2023-12-16 04:14:27', NULL, 1),
(155, 'YEV-105 黑色', 36400, 6, 18, 1, 'Yamaha 小提琴 YEV-105_black_1.jpg', 'Yamaha先進的木材製程技術，創造了全新一款的電子小提琴，其擁有創新的精美外觀和更具特色的表現張力。 對於音樂愛好者，一把能夠使他們享受超越經典的樂器，無疑是最佳的選擇。全新的電子小提琴設計理念結合了木材的美麗、簡單乾淨的線條和舒適的輕量設計，創造了優美的現場演出專用小提琴。 (5 弦)', 5, '2023-12-04 08:29:02', '2023-12-04 12:47:11', NULL, 1),
(156, 'YEV-104 原色', 32000, 6, 18, 1, 'YEV-104 original_1.jpg', 'Yamaha先進的木材製程技術，創造了全新一款的電子小提琴，其擁有創新的精美外觀和更具特色的表現張力。 對於音樂愛好者，是一把能夠使他們享受超越經典的樂器，無疑是最佳的選擇。全新的電子小提琴設計理念結合了木材的美麗、簡單乾淨的線條和舒適的輕量設計，創造了優美的現場演出專用小提琴。(4 弦)', 2, '2023-11-30 09:04:29', '2023-12-12 04:34:16', NULL, 1),
(157, 'YEV-104 黑色', 32000, 6, 18, 1, 'YEV-104 black_1.jpg', 'Yamaha先進的木材製程技術，創造了全新一款的電子小提琴，其擁有創新的精美外觀和更具特色的表現張力。 對於音樂愛好者，是一把能夠使他們享受超越經典的樂器，無疑是最佳的選擇。全新的電子小提琴設計理念結合了木材的美麗、簡單乾淨的線條和舒適的輕量設計，創造了優美的現場演出專用小提琴。(4 弦)', 4, '2023-12-06 06:49:58', '2023-12-17 22:07:19', NULL, 1),
(158, 'SV250', 65800, 6, 18, 1, 'Yamaha 小提琴 SV250_1.jpg', 'SV250是專門設計給需要能演奏各種音樂類型的職業小提琴音樂家與高階的業餘的演奏者。這個靜音小提琴建立一個演奏舒適度與聲音品質的新標竿。 整把靜音小提琴重量約500公克，與傳統小提琴重量一樣。演奏家可以輕鬆的從傳統小提琴轉換到靜音小提琴。 新穎的雙拾音器系統使演奏家得以從前衛電子音樂音質橫跨到豐富的傳統小提琴音色。專用的控制盒包含性能極佳的音場效果、主音量控制、高低音控制以及6.3mm XLR平衡線輸出。兩種型號本體的主要材質是由風乾的火焰楓樹、雲杉木組成，再搭配黑檀木琴栓與指板所製成。', 4, '2023-12-02 23:47:17', '2023-12-04 04:57:30', NULL, 1),
(159, 'SV255', 77000, 6, 18, 1, 'Yamaha 小提琴 SV255.jpg', 'SV255是專門設計給需要能演奏各種音樂類型的職業小提琴音樂家與高階的業餘的演奏者。這個靜音小提琴建立一個演奏舒適度與聲音品質的新標竿。 整把靜音小提琴重量約500公克，與傳統小提琴重量一樣。演奏家可以輕鬆的從傳統小提琴轉換到靜音小提琴。 新穎的雙拾音器系統使演奏家得以從前衛電子音樂音質橫跨到豐富的傳統小提琴音色。專用的控制盒包含性能極佳的音場效果、主音量控制、高低音控制以及6.3mm XLR平衡線輸出。兩種型號本體的主要材質是由風乾的火焰楓樹、雲杉木組成，再搭配黑檀木琴栓與指板所製成。', 5, '2023-12-05 05:45:23', '2023-12-14 22:39:39', NULL, 1),
(160, 'YSV104 紅色', 32500, 6, 18, 1, 'Yamaha 小提琴 YSV104_red_1.jpg', '即使沒有能產生共振的琴身，SRT系統也成再現傳統小提琴的共鳴、音質與環繞音效。 對於想要安靜練琴的音樂玩家，YSV104是絕佳選擇。靜音小提琴YSV104強調靜音提琴最初的練習樂器概念，為小提琴演奏者提供了一個理想的功能與演奏性。', 2, '2023-12-04 22:07:47', '2023-12-16 10:50:58', NULL, 1),
(161, 'YSV104 棕色', 32500, 6, 18, 1, 'Yamaha 小提琴 YSV104_brown_1.jpg', '即使沒有能產生共振的琴身，SRT系統也成再現傳統小提琴的共鳴、音質與環繞音效。 對於想要安靜練琴的音樂玩家，YSV104是絕佳選擇。靜音小提琴YSV104強調靜音提琴最初的練習樂器概念，為小提琴演奏者提供了一個理想的功能與演奏性。', 1, '2023-12-04 00:34:48', '2023-12-12 05:52:39', NULL, 1),
(162, 'YSV104 黑色', 32500, 6, 18, 1, 'Yamaha 小提琴 YSV104_black_1.jpg', '即使沒有能產生共振的琴身，SRT系統也成再現傳統小提琴的共鳴、音質與環繞音效。 對於想要安靜練琴的音樂玩家，YSV104是絕佳選擇。靜音小提琴YSV104強調靜音提琴最初的練習樂器概念，為小提琴演奏者提供了一個理想的功能與演奏性。', 4, '2023-12-02 21:42:37', '2023-12-17 10:38:30', NULL, 1),
(163, 'VA7SG', 45500, 6, 17, 1, 'Yamaha 中提琴 VA7SG_1.jpg', 'VA7SG 中提琴採用精心挑選的優質木材手工製作而成，並由專家工匠完成和調整。它具有優美溫暖的聲音和豐富的音色，非常適合作為學生提高或加倍的升階樂器。VA7SG 中提琴配有硬盒、琴弓和松香。', 5, '2023-12-01 18:05:26', '2023-12-11 00:53:28', NULL, 1),
(164, 'VA5S', 11111, 6, 17, 1, 'Yamaha 中提琴 VA5S_1.jpg', 'VA5S 中提琴提供與 V5 小提琴相同的溫暖聲音和卓越的價值。它們採用優質材料製成，並由細心的工匠單獨手工完成。每件樂器均採用與高端弦樂器相同的傳統方法手工雕刻。它們是能夠激發學生音樂未來的優質樂器。VA5S 中提琴配有硬盒、琴弓和松香。', 7, '2023-12-08 10:34:21', '2023-12-15 01:55:53', NULL, 1),
(165, 'VC5S', 11111, 6, 16, 1, 'Yamaha 大提琴 VC5S.jpg', 'VC5S 大提琴提供與 V5 小提琴相同的溫暖聲音和卓越的價值。它們採用優質材料製成，並由細心的工匠單獨手工完成。每件樂器均採用與高端弦樂器相同的傳統方法手工雕刻。它們是能夠激發學生音樂未來的優質樂器。VC5S 附軟盒、弓和松香。', 1, '2023-12-04 03:44:19', '2023-12-10 20:00:14', NULL, 1),
(166, 'SVC50', 56000, 6, 16, 1, 'Yamaha 大提琴 SVC-50_1.jpg', '靜音大提琴入門款最佳選擇，簡潔俐落的設計，同時兼顧美妙音色與演奏可塑性。', 3, '2023-12-02 14:44:17', '2023-12-11 13:30:12', NULL, 1),
(167, 'SLB200', 11111, 6, 16, 1, 'Yamaha 大提琴 SLB200_1.jpg', 'SLB200是一款輕巧、方便攜帶且性能卓越的靜音低音大提琴，帶有中空琴體和內置拾音系統可提供傑出的音色和扎實的自然撥奏聲音，為演奏爵士樂與流行音樂的最佳選擇。', 5, '2023-12-03 23:32:01', '2023-12-12 22:10:28', NULL, 1),
(168, 'SLB300', 103000, 6, 16, 1, 'Yamaha 大提琴 SLB300_1.jpg', 'SLB300是一款全新型態的靜音低音大提琴，透過SRT Powered System，藉由高品質的麥克風來紀錄傳統低音大提琴的琴腔共鳴音色，來進行模擬錄音室品質的音色，進而達到更自然的音色與共鳴，同時也繼續保持靜音和方便攜帶的琴體設計的產品特色。', 5, '2023-12-01 22:44:09', '2023-12-10 17:09:22', NULL, 1),
(169, 'SLB300PRO', 11111, 6, 16, 1, 'Yamaha 大提琴 SLB300PRO_1.jpg', '規格升級的進階型號，提供更出色的音色與演奏性，以及更加精緻的外觀。', 0, '2023-12-03 20:13:33', '2023-12-11 12:16:08', NULL, 1),
(170, 'VN150 1/32', 10000, 6, 18, 8, 'LienViolins 小提琴 VN150_1.jpg', 'LienViolins~Professional系列，每到工序皆為純手工，採流水線方式製造。大從琴體的各部位結構，小至鑲線的工法或上弦枕、弦栓、指板…的精緻要求；堅持手工繁複層層上色的無毒環保油漆；到台灣再由佳典師傅削整琴橋、音柱到張弦…等的裝配工作。無論是最初階或是最高等級，追求「精湛的工藝」、「華麗的油漆」與「純正的音色」是一致的目標。', 7, '2023-12-03 12:07:40', '2023-12-10 08:33:54', NULL, 1),
(171, 'VN150 1/16', 10000, 6, 18, 8, 'LienViolins 小提琴 VN150_1.jpg', 'LienViolins~Professional系列，每到工序皆為純手工，採流水線方式製造。大從琴體的各部位結構，小至鑲線的工法或上弦枕、弦栓、指板…的精緻要求；堅持手工繁複層層上色的無毒環保油漆；到台灣再由佳典師傅削整琴橋、音柱到張弦…等的裝配工作。無論是最初階或是最高等級，追求「精湛的工藝」、「華麗的油漆」與「純正的音色」是一致的目標。', 3, '2023-12-05 05:54:22', '2023-12-17 20:06:04', NULL, 1),
(172, 'VN180 1/16', 17500, 6, 18, 8, 'LienViolins 小提琴 VN180_1.jpg', 'LienViolins~Professional系列，每到工序皆為純手工，採流水線方式製造。大從琴體的各部位結構，小至鑲線的工法或上弦枕、弦栓、指板…的精緻要求；堅持手工繁複層層上色的無毒環保油漆；到台灣再由佳典師傅削整琴橋、音柱到張弦…等的裝配工作。無論是最初階或是最高等級，追求「精湛的工藝」、「華麗的油漆」與「純正的音色」是一致的目標。', 1, '2023-12-03 10:58:53', '2023-12-12 14:20:36', NULL, 1),
(173, 'VN180 1/8', 17500, 6, 18, 8, 'LienViolins 小提琴 VN180_1.jpg', 'LienViolins~Professional系列，每到工序皆為純手工，採流水線方式製造。大從琴體的各部位結構，小至鑲線的工法或上弦枕、弦栓、指板…的精緻要求；堅持手工繁複層層上色的無毒環保油漆；到台灣再由佳典師傅削整琴橋、音柱到張弦…等的裝配工作。無論是最初階或是最高等級，追求「精湛的工藝」、「華麗的油漆」與「純正的音色」是一致的目標。', 6, '2023-11-30 22:18:26', '2023-12-11 00:28:56', NULL, 1),
(174, 'VN270 1/8', 22500, 6, 18, 8, 'LienViolins 小提琴 VN270_1.jpg', 'LienViolins~Professional系列，每到工序皆為純手工，採流水線方式製造。大從琴體的各部位結構，小至鑲線的工法或上弦枕、弦栓、指板…的精緻要求；堅持手工繁複層層上色的無毒環保油漆；到台灣再由佳典師傅削整琴橋、音柱到張弦…等的裝配工作。無論是最初階或是最高等級，追求「精湛的工藝」、「華麗的油漆」與「純正的音色」是一致的目標。', 1, '2023-11-30 20:43:37', '2023-12-02 14:50:00', NULL, 1),
(175, 'VN270 1/4', 22500, 6, 18, 8, 'LienViolins 小提琴 VN270_1.jpg', 'LienViolins~Professional系列，每到工序皆為純手工，採流水線方式製造。大從琴體的各部位結構，小至鑲線的工法或上弦枕、弦栓、指板…的精緻要求；堅持手工繁複層層上色的無毒環保油漆；到台灣再由佳典師傅削整琴橋、音柱到張弦…等的裝配工作。無論是最初階或是最高等級，追求「精湛的工藝」、「華麗的油漆」與「純正的音色」是一致的目標。', 6, '2023-12-08 03:12:16', '2023-12-10 15:56:58', NULL, 1),
(176, 'VN280 1/8', 27500, 6, 18, 8, 'LienViolins 小提琴 VN280_1.jpg', 'LienViolins~Professional系列，每到工序皆為純手工，採流水線方式製造。大從琴體的各部位結構，小至鑲線的工法或上弦枕、弦栓、指板…的精緻要求；堅持手工繁複層層上色的無毒環保油漆；到台灣再由佳典師傅削整琴橋、音柱到張弦…等的裝配工作。無論是最初階或是最高等級，追求「精湛的工藝」、「華麗的油漆」與「純正的音色」是一致的目標。', 3, '2023-12-06 12:53:35', '2023-12-15 20:11:03', NULL, 1),
(177, 'VN280 1/4', 27500, 6, 18, 8, 'LienViolins 小提琴 VN280_1.jpg', 'LienViolins~Professional系列，每到工序皆為純手工，採流水線方式製造。大從琴體的各部位結構，小至鑲線的工法或上弦枕、弦栓、指板…的精緻要求；堅持手工繁複層層上色的無毒環保油漆；到台灣再由佳典師傅削整琴橋、音柱到張弦…等的裝配工作。無論是最初階或是最高等級，追求「精湛的工藝」、「華麗的油漆」與「純正的音色」是一致的目標。', 5, '2023-12-02 00:32:15', '2023-12-11 00:15:52', NULL, 1),
(178, 'Orchestra 1/4', 100000, 6, 18, 9, 'David Lien Orchestra 小提琴_1.jpg', 'David Lien~Taiwan workshop工作室手工提琴系列仿造義大利古琴風格，皆由技巧精熟的老師傅手工完成每一個步驟。\n從手選好料開始，並且注重於面板、低音樑、背板的校音，一切都為了使得每一把琴具有豐富的泛音、雄健有力的中低音和甜美的高音，以及每一條弦音量之間的平衡度。\n我們的工作室手工提琴專門為挑剔的演奏家而製作，也歡迎訂製您個人的專屬琴型。', 1, '2023-12-04 11:39:29', '2023-12-05 07:49:28', NULL, 1),
(179, 'Orchestra 1/2', 100000, 6, 18, 9, 'David Lien Orchestra 小提琴_1.jpg', 'David Lien~Taiwan workshop工作室手工提琴系列仿造義大利古琴風格，皆由技巧精熟的老師傅手工完成每一個步驟。\n從手選好料開始，並且注重於面板、低音樑、背板的校音，一切都為了使得每一把琴具有豐富的泛音、雄健有力的中低音和甜美的高音，以及每一條弦音量之間的平衡度。\n我們的工作室手工提琴專門為挑剔的演奏家而製作，也歡迎訂製您個人的專屬琴型。', 1, '2023-11-30 14:15:49', '2023-12-15 20:37:44', NULL, 1),
(180, 'Concert 1/4', 150000, 6, 18, 9, 'David Lien Concert 小提琴_1.jpg', 'David Lien~Taiwan workshop工作室手工提琴系列仿造義大利古琴風格，皆由技巧精熟的老師傅手工完成每一個步驟。\n從手選好料開始，並且注重於面板、低音樑、背板的校音，一切都為了使得每一把琴具有豐富的泛音、雄健有力的中低音和甜美的高音，以及每一條弦音量之間的平衡度。\n我們的工作室手工提琴專門為挑剔的演奏家而製作，也歡迎訂製您個人的專屬琴型。', 6, '2023-12-03 23:45:43', '2023-12-14 04:56:05', NULL, 1),
(181, 'Concert 1/2', 150000, 6, 18, 9, 'David Lien Concert 小提琴_1.jpg', 'David Lien~Taiwan workshop工作室手工提琴系列仿造義大利古琴風格，皆由技巧精熟的老師傅手工完成每一個步驟。\n從手選好料開始，並且注重於面板、低音樑、背板的校音，一切都為了使得每一把琴具有豐富的泛音、雄健有力的中低音和甜美的高音，以及每一條弦音量之間的平衡度。\n我們的工作室手工提琴專門為挑剔的演奏家而製作，也歡迎訂製您個人的專屬琴型。', 7, '2023-12-03 17:28:57', '2023-12-09 03:52:10', NULL, 1),
(182, 'THRC112', 12000, 7, 20, 1, 'THRC112_1.jpeg', '使用一組Eminence Legend1218 12”單體，輕量又非常方便攜帶的設計卻有超乎想像的強力音色。幾十年來幾乎所有的經典真空管音色都是藉由高品質音箱頭與專用喇叭箱體，偕同運作才能創造出完美獨特的聲音：THRC112 / THRC212也是如此。為了精準傳遞THR音箱頭完美音色而特別打造的喇叭箱體。', 0, '2023-12-01 19:43:18', '2023-12-14 16:09:11', NULL, 1),
(183, 'THRC212', 19000, 7, 20, 1, 'THRC212_1.jpeg', '為了完美搭配THR100H Dual所精心設計的THRC212喇叭箱體，特別搭載兩個不相同的單體：Eminence Legend1218與The Tonker 12”，呈現出完美平衡的清晰、有力、經典溫暖音色。可切換單聲道或雙聲道輸出，也可針對不同音箱切換不同單體來創造自己的獨特音色。', 6, '2023-12-07 23:45:35', '2023-12-08 21:16:30', NULL, 1),
(184, 'THR100H', 19800, 7, 19, 1, 'THR100H_1.jpeg', 'THR100H Dual 具有令人難以置信的音色和靈活性，在緊湊、輕便的單聲道主體，無論你是在舞台上、與樂團排練或在家裡練習，THR100H 永遠是你的靠山。從一個小東西發出的大聲音，擁有處理聲音細節的能力和和隨插隨用的連接力，THR100H 消彌所有距離。※如要下載最新韌體，請參見「下載」選項按鈕', 4, '2023-12-02 03:55:27', '2023-12-11 02:08:31', NULL, 1),
(185, 'THR100H Dual', 29000, 7, 19, 1, 'THR100H_Dual_1.jpeg', '準備迎接全新等級的音色體驗！THR100H 將雙擴大機的功能匯集到單個 5kg 產品中。兩個擴大機都有五種自然、有機破音的特製音箱類別。YAMAHA的新型超動力功率放大器，擁有可選擇的輸出真空管模擬以及A類或A / B訊號流，獨立分配增強器、混響和IR箱體模擬技術，以及可選擇的單個或真實的雙離散輸入，用於真正的雙路徑連接。 ※如要下載最新韌體，請參見「下載」選項按鈕', 6, '2023-12-01 20:36:15', '2023-12-12 21:35:50', NULL, 1),
(186, 'THR30IIA Wireless', 20400, 7, 21, 1, 'THR30IIA_Wireless_1.jpeg', '30 瓦立體聲桌面擴大機搭配兩個 3.5\" (9 cm) 揚聲器\n3 種擬真的麥克風收音模式、尼龍弦模式和平坦頻率響應模式\n專業等級的麥克風前級與 XLR 輸入端\n支援藍芽撥放音訊、或是使用專用App進行編輯與遠端操控\n延伸立體聲技術，支援 Hi-Fi 音訊播放\n內置 Line 6 無線接收器，可與選購的 Line 6 Relay G10T 發射器連線\n內建可充電式電池，讓您隨處使用\n類別相容 USB 連線，可輕鬆連接電腦/Mac 以及行動裝置進行錄音和播放音樂\n隨附適用於 PC/Mac® 的 Cubase® AI 以及適用於 iPad® 的 Cubasis® LE\n使用免費的 Rec\'n\'Share 應用程式，線上分享您的演奏', 1, '2023-11-30 08:27:52', '2023-12-08 14:14:11', NULL, 1),
(187, 'THR10II', 12400, 7, 21, 1, 'THR10II_1.jpeg', '逼真的真空管擴大機音色和演奏手感，並內建多種常用效果器\n15 種吉他擴大機類型、3 種貝斯擴大機類型、3 種適用電子原聲樂器的麥克風類型、和適用於各種聲音輸入的平坦頻率響應擴大機類型\nBluetooth® 支援音訊播放、使用專用App 『THR Remote』編輯音色…等等功能\n延伸立體聲技術，支援 Hi-Fi 音訊播放\n隨插即用 USB 連線，進行錄音和播放\n專用編輯/音樂庫應用程式『THR Remote』(電腦版/行動裝置版)\n使用免費的 Rec\'n\'Share 應用程式，線上分享您的演奏', 2, '2023-12-07 18:11:12', '2023-12-15 11:53:27', NULL, 1),
(188, 'THR10II Wireless', 17600, 7, 21, 1, 'THR10II_Wireless_1.jpeg', '逼真的真空管擴大機音色和演奏手感，並內建多種常用效果器\n15 種吉他擴大機類型、3 種貝斯擴大機類型、3 種適用電子原聲樂器的麥克風類型、和適用於各種聲音輸入的平坦頻率響應擴大機類型\nBluetooth® 支援音訊播放、使用專用App 『THR Remote』編輯音色…等等功能\n內建無線接收器，可以直接與選購的 Line 6® Relay® G10T 無限發射器匹配\n內建可充電電池，讓您可隨處播放\n延伸立體聲技術，支援 Hi-Fi 音訊播放\n隨插即用 USB 連線，進行錄音和播放\n專用編輯/音樂庫應用程式『THR Remote』(電腦版/行動裝置版)\n使用免費的 Rec\'n\'Share 應用程式，線上分享您的演奏', 3, '2023-12-02 18:44:37', '2023-12-09 01:06:03', NULL, 1),
(189, 'THR30II Wireless (米黃色)', 19300, 7, 21, 1, 'THR30II_Wireless_Yellow_1.jpeg', '逼真的真空管擴大機音色和演奏手感，並內建多種常用效果器\n15 種吉他擴大機類型、3 種貝斯擴大機類型、3 種適用電子原聲樂器的麥克風類型、和適用於各種聲音輸入的平坦頻率響應擴大機類型\nBluetooth® 支援音訊播放、使用專用App 『THR Remote』編輯音色…等等功能\n內建無線接收器，可以直接與選購的 Line 6® Relay® G10T 無限發射器匹配\n內建可充電電池，讓您可隨處播放\n延伸立體聲技術，支援 Hi-Fi 音訊播放\n隨插即用 USB 連線，進行錄音和播放\n6.3mm 輸出接孔，讓錄製或演出變得更靈活\n專用編輯/音樂庫應用程式『THR Remote』(電腦版/行動裝置版)\n使用免費的 Rec\'n\'Share 應用程式，線上分享您的演奏', 5, '2023-12-03 17:07:29', '2023-12-05 05:52:59', NULL, 1),
(190, 'THR30II Wireless (黑色)', 19300, 7, 21, 1, 'THR30II_Wireless_Black_1.jpeg', '', 4, '2023-12-04 21:59:38', '2023-12-06 07:47:01', NULL, 1),
(191, 'THR30II Wireless (白色)', 19300, 7, 21, 1, 'THR30II_Wireless_White_1.jpeg', '', 5, '2023-12-08 09:44:20', '2023-12-14 18:36:45', NULL, 1),
(192, 'JC-22', 15800, 7, 21, 2, 'JC_22_1.jpeg', 'JC-22 Jazz Chorus吉他音箱集結了Roland的經典JC clean tone和著名的Dimensional Space Chorus效果，設計成適合家用的小巧音箱。這款多功能的小型立體聲吉他音箱，提供受歡迎的JC-40的基本特色，也適用於表演和錄音。高品質的reverb配合內建的chorus音色，面板還提供立體聲輸入端子，可用於連接模組音源、綜合效果器及立體聲單顆效果器。以這個知名的長青Combo音箱系列的相同標準的聲音與耐用性打造而成，JC-22讓經典的JC音色變得更加輕鬆可得。', 3, '2023-12-01 01:01:31', '2023-12-09 23:58:57', NULL, 1),
(193, 'JC-40', 23000, 7, 21, 2, 'JC_40_1.jpeg', 'JC-40 Jazz Chorus音箱有著Roland知名 “JC clean” 音色，以及具有標誌性的經典立體聲和聲效果，這些都收納於這款更符合現代吉他手的綜合Combo音箱中。JC-40具有旗艦JC-120的經典立體聲乾淨原音聲音，是適合單踏板效果器做音色調製的最完美同伴。現在，它具有真正立體聲輸入，可使用立體聲效果器踏板、吉他合成器、音箱模組設備，以及綜合效果器來增加演出表現。此外，JC-40內建效果器還有新增功能以及更新穎的聲音，滿足當代吉他手的需求。', 5, '2023-12-05 12:52:15', '2023-12-15 05:56:01', NULL, 1),
(194, 'Blues Cube Stage', 23000, 7, 21, 2, 'Blues_Cube_Stage_1.jpeg', '全新打造的Blues Cube系列將經典1X12 combo音箱帶入了新紀元，它結合了正統真空管聲音與反應，同時皆具現代設備的可靠性與便攜性。超越聲音模擬之外的Roland的Tube Logic設計哲學，源自想要重現真空管音箱內部結構中，從吉他輸入到喇叭輸出之間的每個細膩的層面。clean與crunch頻道，可單獨使用或合併使用，創造出更多樣化的音色，同時，輸出功率模式可調變，讓您在任何音量下都能獲得火熱、最極限的聲音。經過頂尖吉他手實機測試與反應而做精細微調，讓適用於舞台表演的Blues Cube表現甜美、魔幻般的音色以及令人滿意的反應，讓這款絕佳的吉他音箱成為極具演奏表現力的樂器。', 6, '2023-12-05 14:28:19', '2023-12-11 02:34:43', NULL, 1);
INSERT INTO `instrument` (`id`, `name`, `price`, `category_id`, `subcategory_id`, `brand_id`, `img`, `info`, `stock`, `created_time`, `onshelf_time`, `updated_time`, `valid`) VALUES
(195, 'Blues Cube Artist', 29500, 7, 21, 2, 'Blues_Cube_Artist_1.jpeg', '全新打造的Blues Cube系列將經典1X12 combo音箱帶入了新紀元，它結合了正統真空管聲音與反應，同時皆具現代設備的可靠性與便攜性。超越聲音模擬之外的Roland的Tube Logic設計哲學，源自想要重現真空管音箱內部結構中，從吉他輸入到喇叭輸出之間的每個細膩的層面。clean與crunch頻道，可單獨使用或合併使用，創造出更多樣化的音色，同時，輸出功率模式可調變，讓您在任何音量下都能獲得火熱、最極限的聲音。經過頂尖吉他手實機測試與反應而做精細微調，讓適用於舞台表演的Blues Cube表現甜美、魔幻般的音色以及令人滿意的反應，讓這款絕佳的吉他音箱成為極具演奏表現力的樂器。', 3, '2023-12-01 17:05:53', '2023-12-10 00:34:41', NULL, 1),
(196, 'CUBE-10GX', 4800, 7, 21, 2, 'CUBE_10GX_1.jpeg', 'CUBE-10GX擁有出眾的聲音，內建效果器，並可透過iOS及Android上的免費app切換COSM音箱類型，是一款非常適合樂團演奏、居家練習及錄音的完美小音箱。以CUBE高標準品質打造而成的CUBE-10GX，配備的特製8吋喇叭與堅固的機體設計，可傳達強大飽滿的音色。 原廠搭載了Clean、Crunch、與Lead音箱類型，您還可以用您的行動裝置來做不同類型的切換。CUBE KIT app內建多種模擬音箱可供您選用，包括復古經典音箱、超重增益音箱、甚至還有貝斯與電木吉他用的音箱。小巧的CUBE-10GX內建三段等化器與內建和聲效果、延遲、與殘響效果器可對音色進行調節修飾。', 2, '2023-12-04 23:23:23', '2023-12-12 09:01:52', NULL, 1),
(197, 'CUBE-20GX', 7800, 7, 21, 2, 'CUBE_20GX_1.jpeg', '頂級的音色和堅如磐石的可靠耐用性，打響了CUBE音箱的名號，全新的CUBE-GX系列配備更多樣化的操控功能以及Apple的iPhone、iPad及iPod Touch的連接性。小巧而威猛，CUBE-20GX是一款強有力的音箱，囊括多樣功能和性能，讓它成為同級產品中最好的音箱。包含三個可用腳踏板切換的頻道分別為JC CLEAN、LEAD以及可自行設置的SOLO頻道，三個獨立的效果器區可增強音效。i-CUBE LINK將CUBE-20GX變成練習及行動錄音的強大工具，它的內建音訊介面可搭配使用您iOS裝置的音樂app應用程式。', 5, '2023-12-04 20:01:03', '2023-12-16 11:48:53', NULL, 1),
(198, 'WAZA Amp Head', 75000, 7, 19, 2, 'WAZA_Amp_Head_1.jpeg', 'BOSS Waza Amp Head音箱頭是150瓦的擴大器，為了追尋搖滾時代初期的理想音色，這個擁有搖滾創新精神的系列應運而生。Waza Amp Head音箱頭搭配Cabinet音箱體概念深植於擴大器的長久發展史，它們提供了最早期搖滾堆疊音箱的原始音色。此外，隨著理想的搖滾音色的持續演變，BOSS工程師也在探索著自己所詮釋的新音色，並稱之為 “Waza Brown Sound”。Waza Amp的誕生帶著搖滾史創新的精神，它也提供了更寬廣的音色表現力，從復古音色到具有現代延展性與可靠性的Waza Brown音色。BOSS為音箱界開創了新的天地，使理想的搖滾聲音實現成真。', 0, '2023-12-07 15:50:49', '2023-12-17 10:10:12', NULL, 1),
(199, 'WAZA Amp Cabinet 412', 30000, 7, 20, 2, 'WAZA_Amp_Cabinet_412_1.jpeg', 'BOSS Waza Amp Cabinet 412是專為搭配Waza Amp Head精心打造的擴大器音箱，兩者的結合都一樣為了追尋搖滾時代初期的理想音色的精神應運而生。Waza Amp Head與Cabinet 412音箱概念是深植於擴大器的長久發展史，它們提供了最早期搖滾堆疊音箱的原始音色。此外，隨著理想的搖滾音色的持續演變，BOSS工程師也在探索著自己所詮釋的新音色，並稱之為 “Waza Brown Sound”。Waza Amp的誕生帶著搖滾創新的精神，它也提供了更寬廣的音色表現力，從復古音色到具有現代延展性與可靠性的Waza Brown音色。BOSS為音箱界開創了新的天地，使理想的搖滾聲音實現成真。', 6, '2023-12-01 07:54:57', '2023-12-10 01:02:53', NULL, 1),
(200, 'MICRO CUBE RX', 10500, 7, 21, 2, 'MICRO_CUBE_RX_1.jpeg', '新的MICRO CUBE RX — 小體積、大聲音、有型、而且是真正立體聲！這些體型小巧的Combo音箱卻有著超乎想像的表現。 每顆小小的RX喇叭，透過內建的立體聲擴大器，以及新研發的四個特製喇叭單體，可傳達出讓您難以置信的強烈聲音！', 5, '2023-12-02 15:37:44', '2023-12-18 15:58:13', NULL, 1),
(201, 'MICRO CUBE BASS RX', 10500, 7, 21, 2, 'MICRO_CUBE_BASS_RX_1.jpeg', 'MICRO CUBE新推出貝斯專用音箱 — 具有小體積、大音量、氣勢響亮，而且是真正立體聲！這一款小方塊音箱可發出超乎體型的驚人聲音。您絕對難以置信，這麼小的音箱，竟能夠透過其立體聲功率擴大器與四個新開發的喇叭，釋放出這麼巨大的聲音能量！', 2, '2023-12-03 13:20:21', '2023-12-11 18:11:53', '2023-12-11 18:11:53', 1),
(202, 'PPC108', 3300, 7, 20, 10, 'PPC108_1.png', '有著與Orange其他大型音箱、箱體相同的外觀以及標誌。則這款PPC108是為了搭配了 Micro Terror 和 Micro Dark 音箱頭來搭配使用。\n此箱體與他們兩個做搭配時，可獲得讓人耳目一新的聲音，而且所需要的空間又不大，讓您在有限的空間裡面，可得到經典的Orange音色。\n注意：僅適用於Micro Terror或Micro Dark系列音箱頭', 4, '2023-12-06 13:44:51', '2023-12-10 04:26:24', NULL, 1),
(203, 'PPC112', 13500, 7, 20, 10, 'PPC112_1.webp', '更大的內部體積\nPPC112是採用封閉式的箱體，樺木合板厚度為18毫米，則他的外殼比傳統1 x 12的箱體稍大。\n提供了一個更大的內部音量，使音色更加豐滿，並具有更出色的音色。\n\nCELESTION VINTAGE 30 SPEAKER\n精湛的音色和一顆響應一流的揚聲器。\n\n經典的橙色造型\nPPC112擁有我們的籃子編織乙烯，編織揚聲器格柵布與18毫米樺木層。', 5, '2023-12-02 11:20:50', '2023-12-13 12:20:30', NULL, 1),
(204, 'PPC212', 44700, 7, 20, 10, 'PPC212_1.webp', '擁有兩個Celestion Vintage30喇叭，其開放式箱背設計有著良好的高頻反應及較溫柔的低頻。這兩個特點合起來就能造出一個廣闊，具空間感的聲場，遍佈舞臺的每一角，適合彈奏清音為主的音樂或崇尚經典音色的樂手。 強大的內部結構，緊密穩定的音色，這兩個優點令Orange 箱體在音樂界得到不少吉他手垂涎。音箱的設計就是為了能夠經得住樂手及歲月的摧殘。其優質的物料對箱體的共鳴及延音都有著莫大的幫助。', 3, '2023-12-05 23:18:24', '2023-12-13 09:43:41', NULL, 1),
(205, 'OR15', 21000, 7, 19, 10, 'OR15_1.webp', 'OR系列的誕生追溯於1972年，推出的第一款標誌性的OR120。 時至今日，這系列擁有豐富層次感的音色，高度靈敏性的吉他音量控制及擁有Orange 獨特著名的“圖案”面板。 OR15 是在這系列中第一個輕便的功放頭。如果你想尋找一個較經典的音色、並帶有電子管FX LOOP的，又想輕便攜帶的，那麼這款EL84電子管的OR15是您的不二之選。 OR15的靈感來源於Orange 70年代經典型號Graphics系列（Pics only），採用現代的技術進行改良，使之更加符合當今樂手的需要。', 4, '2023-12-01 01:00:22', '2023-12-18 03:28:46', NULL, 1),
(206, 'Micro Terror', 5900, 7, 19, 10, 'Micro_Terror_1.webp', '小巧的放大器，巨大的音色\n\nMicro Terror是一種全球現象。從最初的 Tiny Terror 中汲取靈感，這個微型怪物將一個閥門前置放大器連接到一個固態輸出部分，以獲得巨大的音調，使其小型框架成為一種嘲弄。\n\nMicro Terror 重量不到 1 公斤，可以說是市場上最便攜的放大器頭。與配套的 PPC108 機櫃搭配使用時，Micro Terror 的 Aux 輸入和耳機輸出使其成為完美的練習夥伴，即使是最雜亂的餐具櫃也足夠小。\n\n然而，不要被它的微型足跡所迷惑，因為尺寸是這款放大器唯一的小問題。Micro Terror 採用高強度鋼外殼，按照與 Terror 系列其他產品相同的高標準製造，配備單個 ECC83 (12AX7) 前置放大器閥，並與固態功率放大器耦合。這個小東西發出的聲音深度（和音量）確實令人震驚，橙色的咆哮和咬合聲很豐富。更重要的是，Micro Terror 可以與任何 8-16 歐姆音箱一起使用。', 2, '2023-12-04 02:34:41', '2023-12-16 00:36:36', NULL, 1),
(207, 'Micro Dark', 7600, 7, 19, 10, 'Micro_Dark_1.webp', '在我們廣受好評的 Dark Terror 和 Dual Dark 擴大機取得巨大成功的基礎上，我們將數以千計的客戶需求提煉成一個小型閥門混合頭 – Micro Dark。\n\nMicro Dark 共享相同的直覺式控制，並結合新的 ECC83 (12AX7) 驅動的高增益前級擴大機部分，產生令人尖叫的髒音，使其微型框架受到嘲笑。 然而，像它的大兄弟一樣，Micro Dark 的煙熏黑色底盤和簡單的佈局實際上掩蓋了它狡猾的多功能性。\n\n當然，即使是最挑剔的失真愛好者也能獲得足夠的增益，但這個小野獸絕不只是一招金屬怪物！ 在險惡的外觀之下，您會發現豐富多樣的優雅而自信的色調。 從乾淨俐落到傲慢刻薄——無論你的風格如何——你都會喜歡這個東西。\n\n其他功能包括透明、全緩衝的效果迴路和帶有我們流行的 CabSim 電路的耳機輸出。 借助可選的 PPC108 音箱，Micro 是理想的練習裝備……不過，插入更大一點的東西，您可能會在工作室中找到您的新秘密武器！', 5, '2023-12-02 00:17:22', '2023-12-18 14:18:37', NULL, 1),
(208, 'Crush Bass 100', 18000, 7, 21, 10, 'Crush_Bass_100_1.webp', 'Crush Bass 100 從我們的旗艦 4 Stroke 和 OB1 系列低音放大器中汲取元素，並為較小的場地提供足夠的功率，是聲音和應用方面的多功能組合。使用這種類型的組合中通常沒有的高端工程技術，Crush Bass 100 極其豐滿和細膩的音色的關鍵是放大器的 100 瓦輸出部分。分立元件（而不是普通集成電路）的選擇使放大器在整個頻譜範圍內都具有驚人的清晰度，而內部 15 英寸揚聲器意味著即使是最地下的頻率也能通過響亮而清晰的聲音傳來。 耦合到輸出級的是一個同樣強大的前置放大器。帶有可掃頻參數中頻的有源均衡器部分允許演奏者將 Crush Bass 100 微調到任何風格，再加上我們受“雙功放”啟發的增益和混合電路增加了更多的音調變化。這些交互式控件為核心低音音色添加了額外的諧波內容和可變水平的砂礫，非常適合創建樸實的複古即興演奏或野蠻扭曲的混亂，而不會失去最重要的低端。它們也可以通過可選的腳踏開關遠程切換。除了平衡線路輸出外，Crush Bass 100 還具有緩衝效果環路、集成調諧器、輔助。輸入和加載 Cabsim 的耳機輸出用於靜音練習。從臥室到舞台，這款功放涵蓋了所有底座。', 5, '2023-12-08 02:51:45', '2023-12-10 07:48:51', NULL, 1),
(209, 'Crush 12', 3600, 7, 21, 10, 'Crush_12_1.webp', 'Crush 12是Crush系列中最小的音箱，專為結他手而設計，對質量模擬音色毫不客氣。這個單通道組合具有強大的3頻段均衡器和專用的超載(overdrive)控制，可處理從crisp到clean的橙色音色。 Crush 12的定制6英寸“世界之聲”揚聲器可確保該放大器儘管尺寸很小，但始終保持強勁有力。全新的CabSim耳機輸出可在低音量下發出巨大的音色，成為各個級別演奏者的理想練習夥伴。', 0, '2023-12-04 06:07:56', '2023-12-09 16:51:32', NULL, 1),
(210, 'Crush 20', 4700, 7, 21, 10, 'Crush_20_1.webp', 'Orange Crush 20 20W 吉他 音箱 雙通道 Crush 20 對吉他音色採用了不妥協的方法，並將其置於緊湊便攜的包裝中。借助可腳踏切換的 Clean 和 Dirty 通道，我們新的高增益、四級前置放大器設計提供了一個巨大的過載和失真聲音調色板，具有豐富的諧波泛音。', 7, '2023-12-08 15:43:24', '2023-12-12 07:06:54', NULL, 1),
(211, 'Rocker 15', 27000, 7, 21, 10, 'Rocker_15_1.webp', 'Rocker 15 具有 0.5、1、7 或 15 瓦的輸出功率，是一款極為便攜的組合，可從家到工作室再到舞台無縫移動。最後，一款適合臥室使用的小型兩通道全真空管音箱，您可以隨時進行演出！\r\n\r\n將 Rocker 15 設置為開放式，儘管音箱的佔地面積很小，但較小的場地也能得到舒適的聲音。得益於定制的 Voice of the World Gold Label 揚聲器和強大的變壓器，Rocker 15 具有非常強大的輸出能力，可充分利用其 EL84 輸出部分。即使在降低功率時，放大器的音色仍然飽滿，散發出溫暖的壓縮和飽和度，而不會打擾鄰居。\r\n\r\n撇開聰明的選擇不談，Rocker 15 具有真正的特色——帶有扭曲的雙通道設計。Clean通道是純粹主義者的夢想，只有一個音量旋鈕。該通道具有出色的平衡性和極佳的可演奏性，完美的發聲可以在您的手指（或腳下的踏板）發出樂器的“自然”聲音。 Dirty通道是一個更熟悉的事情，它帶有增益、音量和三頻段EQ部分的控制元件。兩個通道都對觸感和演奏動態非常敏感，儘管其簡單、易於使用的佈局使 Rocker 15 非常靈活。\r\n\r\n該音箱還具有適當的效果迴路，可確保從輸入到輸出的總純度。因此，無論您是需要用於低音量練習、錄音還是在俱樂部巡迴演出中聽到的裝備，Rocker 15 都將證明自己是適合各種場合的音箱。', 1, '2023-11-30 02:02:05', '2023-12-17 21:29:39', '2023-12-11 00:40:46', 1),
(212, 'George', 305, 4, 9, 2, '03.webp', '123123', 3, '2023-12-13 13:51:37', '2023-12-13 13:51:00', '2023-12-13 13:51:52', 0),
(213, 'Stratocasterrr', 3050, 1, 1, 4, 'DPxR_ieVQAAxe0G (1).png', '好', 2, '2023-12-14 01:54:46', '2023-12-16 00:54:00', '2023-12-14 01:57:25', 0),
(214, 'Stratocaster', 30500, 1, 2, 1, 'Stratocster_1.png', '', 2, '2023-12-14 11:08:31', '2023-12-15 11:08:00', NULL, 1);

-- --------------------------------------------------------

--
-- 資料表結構 `instrument_category`
--

CREATE TABLE `instrument_category` (
  `id` int(10) UNSIGNED NOT NULL,
  `name` varchar(10) NOT NULL,
  `valid` tinyint(1) NOT NULL DEFAULT 1
) ENGINE=InnoDB DEFAULT CHARSET=utf8mb4 COLLATE=utf8mb4_general_ci;

--
-- 傾印資料表的資料 `instrument_category`
--

INSERT INTO `instrument_category` (`id`, `name`, `valid`) VALUES
(1, '吉他', 1),
(2, '貝斯', 1),
(3, '鍵盤樂器', 1),
(4, '打擊樂器', 1),
(5, '管樂器', 1),
(6, '弓弦樂器', 1),
(7, '音響設備', 1);

-- --------------------------------------------------------

--
-- 資料表結構 `instrument_order`
--

CREATE TABLE `instrument_order` (
  `orderID` int(10) UNSIGNED NOT NULL,
  `user_id` int(6) UNSIGNED DEFAULT NULL,
  `transportation_state` int(2) DEFAULT NULL,
  `amount` int(11) DEFAULT NULL,
  `date` datetime NOT NULL
) ENGINE=InnoDB DEFAULT CHARSET=utf8mb4 COLLATE=utf8mb4_general_ci;

--
-- 傾印資料表的資料 `instrument_order`
--

INSERT INTO `instrument_order` (`orderID`, `user_id`, `transportation_state`, `amount`, `date`) VALUES
(1, 1, 3, NULL, '2023-12-06 02:47:00'),
(2, 1, 1, NULL, '2023-12-03 14:52:00'),
(3, 1, 1, NULL, '2023-12-03 19:19:00'),
(4, 2, 2, NULL, '2023-12-01 14:54:00'),
(5, 3, 1, NULL, '2023-12-05 06:23:00'),
(6, 3, 1, NULL, '2023-12-05 05:46:00'),
(7, 4, 1, NULL, '2023-12-02 07:28:00'),
(8, 4, 2, NULL, '2023-12-01 21:45:00'),
(9, 4, 2, NULL, '2023-12-01 18:44:00'),
(10, 8, 1, NULL, '2023-12-06 22:56:00'),
(11, 8, 1, NULL, '2023-11-30 22:25:00'),
(12, 10, 2, NULL, '2023-12-01 15:33:00'),
(13, 11, 2, NULL, '2023-12-02 07:24:00'),
(14, 12, 1, NULL, '2023-12-03 08:32:00'),
(15, 12, 2, NULL, '2023-12-03 11:08:00'),
(16, 14, 2, NULL, '2023-12-05 11:10:00'),
(17, 15, 2, NULL, '2023-12-06 00:19:00'),
(18, 15, 1, NULL, '2023-12-06 10:26:00'),
(19, 17, 1, NULL, '2023-12-04 18:32:00'),
(20, 17, 1, NULL, '2023-12-06 22:57:00'),
(21, 18, 1, NULL, '2023-12-06 17:09:00'),
(22, 19, 1, NULL, '2023-12-01 03:20:00'),
(23, 20, 2, NULL, '2023-12-05 08:08:00'),
(24, 20, 2, NULL, '2023-12-06 18:30:00'),
(25, 20, 1, NULL, '2023-12-03 08:21:00'),
(26, 21, 2, NULL, '2023-12-03 00:33:00'),
(27, 21, 1, NULL, '2023-11-30 17:27:00'),
(28, 22, 2, NULL, '2023-12-04 17:12:00'),
(29, 23, 1, NULL, '2023-12-03 23:21:00'),
(30, 24, 1, NULL, '2023-12-03 14:19:00'),
(31, 25, 1, NULL, '2023-12-03 19:53:00'),
(32, 26, 1, NULL, '2023-12-06 18:44:00'),
(33, 26, 1, NULL, '2023-12-02 05:35:00'),
(34, 27, 1, NULL, '2023-11-30 22:16:00'),
(35, 28, 2, NULL, '2023-12-06 17:04:00'),
(36, 32, 1, NULL, '2023-12-06 02:27:00'),
(37, 33, 2, NULL, '2023-12-03 05:19:00'),
(38, 33, 2, NULL, '2023-12-05 03:46:00'),
(39, 34, 2, NULL, '2023-12-04 17:24:00'),
(40, 34, 2, NULL, '2023-12-01 16:40:00'),
(41, 34, 1, NULL, '2023-11-30 02:07:00'),
(42, 35, 2, NULL, '2023-11-30 18:36:00'),
(43, 35, 1, NULL, '2023-12-04 04:40:00'),
(44, 36, 2, NULL, '2023-12-04 01:57:00'),
(45, 36, 2, NULL, '2023-12-04 09:54:00'),
(46, 37, 2, NULL, '2023-12-03 18:27:00'),
(47, 39, 1, NULL, '2023-12-02 13:20:00'),
(48, 39, 2, NULL, '2023-12-06 22:29:00'),
(49, 41, 2, NULL, '2023-11-30 11:27:00'),
(50, 43, 1, NULL, '2023-12-05 03:10:00'),
(51, 45, 1, NULL, '2023-11-30 03:16:00'),
(52, 46, 2, NULL, '2023-12-01 09:22:00'),
(53, 49, 2, NULL, '2023-12-05 22:51:00'),
(54, 50, 2, NULL, '2023-12-02 16:36:00'),
(55, 51, 2, NULL, '2023-12-01 00:21:00'),
(56, 53, 2, NULL, '2023-12-01 18:22:00'),
(57, 53, 1, NULL, '2023-12-05 06:36:00'),
(58, 54, 2, NULL, '2023-12-06 18:08:00'),
(59, 55, 2, NULL, '2023-12-01 09:48:00'),
(60, 59, 1, NULL, '2023-12-01 09:48:00');

-- --------------------------------------------------------

--
-- 資料表結構 `instrument_order_items`
--

CREATE TABLE `instrument_order_items` (
  `id` int(10) UNSIGNED NOT NULL,
  `productID` int(6) UNSIGNED NOT NULL,
  `quantity` tinyint(3) UNSIGNED DEFAULT NULL
) ENGINE=InnoDB DEFAULT CHARSET=utf8mb4 COLLATE=utf8mb4_general_ci;

--
-- 傾印資料表的資料 `instrument_order_items`
--

INSERT INTO `instrument_order_items` (`id`, `productID`, `quantity`) VALUES
(1, 99, 5),
(2, 127, 4),
(3, 77, 2),
(4, 186, 5),
(5, 159, 4),
(6, 73, 4),
(7, 96, 3),
(8, 41, 4),
(9, 43, 1),
(10, 29, 1),
(11, 68, 5),
(12, 114, 1),
(13, 29, 1),
(14, 142, 2),
(15, 72, 4),
(16, 78, 2),
(17, 154, 3),
(18, 99, 1),
(19, 127, 4),
(20, 115, 4),
(21, 57, 4),
(22, 149, 4),
(23, 193, 4),
(24, 123, 3),
(25, 185, 1),
(26, 117, 4),
(27, 159, 2),
(28, 115, 3),
(29, 120, 5),
(30, 110, 2),
(31, 20, 1),
(32, 183, 4),
(33, 199, 3),
(34, 164, 4),
(35, 190, 4),
(36, 189, 4),
(37, 66, 2),
(38, 78, 2),
(39, 171, 3),
(40, 98, 4),
(41, 13, 4),
(42, 132, 2),
(43, 168, 5),
(44, 162, 4),
(45, 19, 4),
(46, 72, 5),
(47, 107, 5),
(48, 34, 4),
(49, 57, 2),
(50, 145, 4),
(51, 113, 1),
(52, 99, 1),
(53, 105, 5),
(54, 149, 4),
(55, 172, 4),
(56, 79, 2),
(57, 141, 5),
(58, 165, 1),
(59, 128, 3),
(60, 110, 5);

-- --------------------------------------------------------

--
-- 資料表結構 `instrument_subcategory`
--

CREATE TABLE `instrument_subcategory` (
  `id` int(2) UNSIGNED NOT NULL,
  `category_id` int(2) NOT NULL,
  `name` varchar(10) NOT NULL,
  `valid` tinyint(1) NOT NULL DEFAULT 1
) ENGINE=InnoDB DEFAULT CHARSET=utf8mb4 COLLATE=utf8mb4_general_ci;

--
-- 傾印資料表的資料 `instrument_subcategory`
--

INSERT INTO `instrument_subcategory` (`id`, `category_id`, `name`, `valid`) VALUES
(1, 1, '木吉他', 1),
(2, 1, '電吉他', 1),
(3, 2, '木貝斯', 1),
(4, 2, '電貝斯', 1),
(5, 3, '直立式鋼琴', 1),
(6, 3, '平台式鋼琴', 1),
(7, 3, '數位鋼琴', 1),
(8, 4, '傳統鼓', 1),
(9, 4, '電子鼓', 1),
(10, 4, '銅鈸', 1),
(11, 5, '長笛', 1),
(12, 5, '薩克斯風', 1),
(13, 5, '小號', 1),
(14, 5, '長號', 1),
(15, 5, '上低音號', 1),
(16, 6, '大提琴', 1),
(17, 6, '中提琴', 1),
(18, 6, '小提琴', 1),
(19, 7, '音箱頭', 1),
(20, 7, '箱體', 1),
(21, 7, 'Combo音箱', 1);

-- --------------------------------------------------------

--
-- 資料表結構 `lesson`
--

CREATE TABLE `lesson` (
  `id` int(6) UNSIGNED NOT NULL,
  `name` varchar(20) CHARACTER SET utf8mb4 COLLATE utf8mb4_general_ci NOT NULL,
  `price` int(5) NOT NULL,
  `category_id` int(2) UNSIGNED NOT NULL,
  `classroom_id` int(3) UNSIGNED NOT NULL,
  `teacher_id` int(6) UNSIGNED NOT NULL,
  `img` varchar(100) NOT NULL,
  `info` text NOT NULL,
  `created_time` datetime DEFAULT NULL,
  `onshelf_time` datetime DEFAULT NULL,
  `valid` tinyint(1) NOT NULL
) ENGINE=InnoDB DEFAULT CHARSET=utf8mb4 COLLATE=utf8mb4_unicode_ci;

--
-- 傾印資料表的資料 `lesson`
--

INSERT INTO `lesson` (`id`, `name`, `price`, `category_id`, `classroom_id`, `teacher_id`, `img`, `info`, `created_time`, `onshelf_time`, `valid`) VALUES
(1, '樂理指法一把抓 - 鋼琴基礎從零開始', 1900, 1, 1001, 3, '01.avif', '初級鋼琴課程，從零開始教你鋼琴指法與彈奏技巧。結合五線譜視譜與鍵盤彈奏技巧，教你完整學習卡農、奇異恩典等鋼琴彈奏技巧，扎實又有趣的帶你培養鋼琴彈奏的習慣與技巧。', '2023-12-02 18:16:49', '2023-12-05 11:43:31', 1),
(2, '零基礎輕鬆學：流行鋼琴【即興伴奏】彈唱', 2380, 1, 1001, 1, '02.avif', '只要你有熱情學習的心，沒音樂基礎也能馬上享受鋼琴自唱的樂趣，不用再看【惱人難懂的】雙行五線譜，只要看單行的簡譜歌譜，就可以即興伴奏所有你喜愛的流行歌曲，讓最專業的真真老師使用頂尖音樂院Berklee的系統，教導、啟發零基礎的你。讓你練半功倍!', '2023-12-06 23:47:55', '2023-12-18 08:44:31', 1),
(3, '吉他從零開始 - 初級篇', 600, 2, 1001, 3, '03.webp', '「學吉他難嗎」？相信這是很多吉他初學者內心的疑惑。這堂吉他課程將從音樂樂理、和弦組成開始打底，教你完整的吉他彈奏技巧，掌握視譜演奏與和弦進行原則，讓你能有自信地使用吉他自彈自唱演奏。', '2023-11-30 14:12:54', '2023-12-07 16:48:45', 1),
(4, '吉他從零開始-Fingerstyle（進', 800, 2, 1001, 4, '03.webp', 'Fingerstyle 指彈吉他是指用一把吉他演奏多聲部的樂曲，使吉他的表現力不僅限於單一的聲部。這堂吉他指法課程將教你藉由手指撥弦的演奏方式，以一把木吉他同時演奏吉他的旋律、貝斯的根音，還有鼓的節奏，發揮吉他演奏的最大潛能。', '2023-12-01 10:23:38', '2023-12-17 17:42:07', 1),
(5, '【吉他伴奏大全】', 1200, 2, 1001, 4, '04.avif', '吉他伴奏課程，教你如何不同曲風伴奏設計和獨奏設計。課程包含吉他指法組合、順階和弦和加入和弦的應用，以及低音、轉位、推弦等吉他伴奏手法，結合理論與實戰，讓你的吉他伴奏更豐富。', '2023-11-30 11:08:39', '2023-12-13 13:26:41', 1),
(6, '十堂課輕鬆學會木吉他自彈自唱', 800, 2, 1001, 5, '05.avif', '在十堂課中，你將學會流行音樂常見的木吉他演奏技巧，這些木吉他演奏技巧主要以入門為主。並且也會教您歌唱的小技巧，讓您不管是彈奏上，還是演唱上都會有練習的方向哦~ 在網路資源豐富的情況下，只要能充分運用，更能提升您演奏及演唱的能力。所以除了演奏、歌唱技巧外，特別規劃出網路資源應用的課程，是本課程的特色之一。 本課程將會告訴您如何善加運用網路資源，去提升演唱、演奏能力哦!', '2023-12-05 15:59:46', '2023-12-07 01:42:59', 1),
(7, '藍調與爵士鋼琴的獨奏技巧與應用', 3800, 1, 1001, 6, '06.jpg', '彈出爵士音樂的節奏感與立體和聲， 彈指之間就能在琴鍵上即興發揮， 與自己的音樂一起律動並陶醉其中～ 期待您一起來感受爵士鋼琴的魅力！', '2023-11-30 00:59:42', '2023-11-30 01:57:11', 1),
(8, '必修樂理的七堂課', 2800, 3, 1001, 6, '07.jpg', '一套有系統、簡單易學、啟發你對樂理興趣的實用課程 能為想更了解音樂、參加檢定考試或報考音樂班的同學們打下良好基礎', '2023-12-05 04:01:07', '2023-12-05 18:39:25', 1),
(9, '爵士吉他入門訓練班', 2800, 2, 1001, 7, '08.png', '這是進修爵士吉他演奏的入門課程，學習爵士樂的伴奏手法、分析曲子、音階及和弦概念。 適合有一定的演奏能力與樂理基礎，喜歡即興演奏的人。', '2023-12-01 04:46:36', '2023-12-04 13:10:30', 1),
(10, '拯救你的樂理 - 現代音樂和聲學', 2800, 3, 1001, 7, '09.avif', '音樂和聲學課程，教你現代音樂和聲學，將樂理運用在音樂創作與演奏。課程將帶你認識音階與和弦的應用，學習主調、藍調音樂和調式音樂的樂理和應用方式，讓你不僅能看懂和弦進行，也能建立和聲編曲的能力。', '2023-12-06 11:55:40', '2023-12-12 11:36:47', 1),
(11, '完全吉他手冊 - 入門基礎篇', 1500, 2, 1001, 8, '10.avif', '教學數十年來，學生問題形形色色，但不外乎一個共同目標：「學好吉他、演奏出更好聽的音樂。 」 本堂《完全吉他手冊 - 基礎入門篇》共分為三章節，每章節聚焦在吉他的不同面向：構造介紹、吹奏方式、吹奏實戰技法、各種正確觀念的講授與經驗分享，全部完整呈現，適合新手學習，循序漸進學會正確的吹奏，並吹出好音色。', '2023-12-01 10:56:14', '2023-12-17 23:24:54', 1),
(12, '黃子瑜鼓教室 | 爵士鼓職人 12 週養', 3600, 4, 1001, 9, '11.avif', '想要成為職業樂手卻不知道從何開始努力起？「爵士鼓職人 12 週養成計劃」就是你最好的選擇！由擔任劉德華世界巡迴演唱會鼓手的業界知名樂手黃子瑜老師親自設計，從他自身的演奏經驗為各位精心編排 12 堂終生受用的課程，搭配專為此課程編寫的練習範例，12 週為你扎實打造音樂職人必備的基本功！', '2023-11-30 18:04:55', '2023-12-03 23:49:53', 1),
(13, '打出靈魂的節奏 - Cajon 木箱鼓 ', 500, 4, 1001, 10, '12.avif', '音樂是一種語言，用最容易上手的打擊樂器來聊天吧！我將跟大家分享這 15 年來的教學、錄音與演出經驗，學習正確的觀念，讓你更有效率的學會演奏木箱鼓，無論是流行音樂、拉丁音樂、非洲音樂、佛朗明歌，木箱鼓都能有獨特的詮釋方式,演奏同時也刺激了你手指的末梢神經,提升你的免疫力，更重要的學習方向是『即興演奏』喔！', '2023-12-05 06:47:41', '2023-12-05 15:47:30', 1),
(14, '吉他編曲超訓練：豐富精緻的彈奏設計', 2499, 2, 1001, 11, '13.avif', '吉他編曲概念課程，在刷奏、指法外，達成讓歌曲更豐富的彈奏設計。學習設計多種伴奏方式，加入不同曲風元素，讓歌曲更有個人特色。掌握吉他編曲概念，提升音樂創作的豐富度與可能性。', '2023-12-01 19:21:55', '2023-12-04 22:55:13', 1),
(15, '和以莉高露一起學吉他', 250, 2, 1001, 12, '14.jpg', '四大和弦(C-Am-Dm-G7)雖然已經足以打敗天下無敵手，但是如果想更進一步，還是得知道怎麼去「改裝」和弦。我將告訴大家一些改裝和弦的技巧,，讓大家一窺編曲的小訣竅。在影片教學中，大家還可以和「以莉高露」一起練習，聽以莉分享是怎麼學習新的節奏，並應用在她的創作上！', '2023-12-04 22:44:11', '2023-12-11 14:42:08', 1),
(16, '挖出你的節奏細胞!爵士鼓教學-基本節奏篇', 1800, 4, 1001, 13, '15.avif', '北京現代音樂研休學院的爵士鼓教材，簡單的開始；舉一反三的思維教學。不需音樂底子，只要有熱血的心，簡單明瞭的教學將帶你進入節奏的世界！', '2023-12-05 17:38:56', '2023-12-07 11:07:20', 1),
(17, '雙踏練功坊！\n鼓手不可不知的雙踏技巧超活', 1480, 4, 1001, 14, '16.jpg', '這堂課，要告訴你如何使用最有系統的方式，讓想提升雙踏速度的你能夠循序漸進的跨越卡關已久的障礙。課程將從腳的單腳連踩、雙腳連踩、馬蹄音組合、8分及16分音符的切換和起停訓練，一步步從頭進行詳細解說，解決練雙踏時會遇到的種種疑難雜症，以及養成穩定的腳感及保持動作的平衡。並介紹三種常見的Blast Beats組合，以及如何去拆解並練習這些技巧，最後綜合腳的節奏切換，為音樂帶來不同的聽覺空間感受。', '2023-12-04 15:55:50', '2023-12-12 10:43:11', 1),
(18, '顛覆鼓手的節拍概念！線性過門手法及Gro', 1480, 4, 1001, 15, '17.jpg', '數拍，不該只是種練習，更需要變成一種習慣。在音樂中，一個好聽的節奏律動有幾個重點要素：穩定度、輕重音動態以及樂句安排設計。如果一首歌曲的速度忽快忽慢，則讓人無法感受作者想傳遞的音樂內容。這堂課的數拍系統，絕對會讓你重新認識「數拍」新概念！深入了解在不同速度下的節奏，會帶來什麼樣的頓點與呼吸點，以及斷句所營造出的感受。\nGourping的奇數排列組合將鍛鍊你的協調性，清楚知道在打擊時，自己的第一拍正拍究竟在哪裡，並且反覆練習直到將所有手法都更臻熟練，讓腦袋與肢體的攜手合作更加緊密。而線性手法，則是許多點於時間上的排列線條。在每個時間點上，只會出現一個音符。此手法的重點在於能隨性打出不間斷的穩定節拍，且點與點之間的連結維持著適當間隙，不過密也不過疏，精準拿捏每個音符的出現時機，營造出輕鬆寫意的明快氛圍。', '2023-12-04 20:23:32', '2023-12-09 12:45:03', 1),
(19, '捕捉編鼓的創作思維！\r\n為歌曲打造量身訂', 1480, 4, 1001, 16, '18.jpg', '當學習爵士鼓已到一個段落，身為鼓手的你，聽到某一首歌曲，或是一段沒有鼓聲的旋律時，是否想開始自己編出新的節奏了？但在編之前，首先，你必須要詳細了解歌曲的組成結構：如何判別和弦的段落進行、簡易的區分歌曲段落、並且定義速度，認識Double time與Half time。接著進入編曲概念的解析，鼓組配件的聲響組合，能驅使聽覺產生出多變感受。該運用怎樣的聲響去編寫段落安排，歌曲速度又如何影響了節奏的挑選？\r\n\r\n另外，重音及對點也是編鼓非常重要的元素，在一首歌曲裡，其實隱藏著能讓音樂聽起來更為豐富過癮的對點。除了分析如何去聽出重音及對點之外，並說明如何運用Hi hat、小鼓、大鼓，去相互搭配出刺激的化學反應！你會發現，明明使用了同樣的歌曲示範，卻能夠做出聽感完全相異的聲響結果！', '2023-12-06 08:28:43', '2023-12-15 16:03:20', 1),
(20, '【限定組合】5套爵士鼓必備技法，讓你練就', 4199, 4, 1001, 17, '20.jpg', '這是一份專為鼓手所調配的鍛鍊組合：Gospel、線性、雙踏、Hihats裝飾、編鼓，由五位業界鼓手帶你精準拓展五大能力。\n了解Shuffle、Dilla的差異，掌握住穩定而放鬆的演奏技巧；奇數的數拍及線性節奏，絕對是一項值得磨練的秘密武器；雙踏多端變化的鼓點，運用系統式練習達成腳感的平衡；Hihats裝飾技法，讓你能隨心所欲為節奏增添全新聽感；熱門樂團的編鼓密技，讓你在歌曲創作上更能清晰的編排與打造豐富過癮的節奏！\n你，準備好接收這股強大能量了嗎？', '2023-12-04 21:24:01', '2023-12-11 22:07:13', 1),
(21, '鋼琴基礎班', 1500, 1, 1, 18, '21.jpg', '踏入鋼琴奇妙世界，由基礎到進階，專業指導，啟發音樂天賦，打破學習瓶頸，展現個人音樂風格。精湛技法，感動琴鍵，音樂之旅由此展開。', '2023-12-03 12:25:30', '2023-12-08 17:24:43', 1),
(22, '流行吉他進階課', 1800, 2, 2, 19, '26.png', '開啟流行吉他新境界，輕鬆學彈，專業導師即興演奏，培養個人音樂風格，感受吉他演奏的樂趣與挑戰。', '2023-12-06 21:38:08', '2023-12-14 10:50:44', 1),
(23, '爵士鋼琴樂器合奏', 2000, 1, 3, 20, '22.jpg', '融合古典與現代風格，鋼琴演奏技法全面提升，專業導師精心指導，讓音樂激發心靈深處的共鳴，揮灑音符的美妙。', '2023-12-06 18:45:40', '2023-12-10 23:21:34', 1),
(24, '鋼琴進階班', 1650, 1, 4, 21, '23.jpg', '動人琴音，專業指導，循序漸進，輕鬆學琴。適合初學者，以互動教學方式，培養學員音樂才華，習得琴藝新技能。', '2023-12-04 11:27:57', '2023-12-14 14:54:18', 1),
(25, '台灣打擊樂器', 1200, 4, 5, 22, '28.jpg', '打擊鼓基礎奠定，節奏感培養，專業導師演示多種風格，學員練就動感打擊技巧，精湛表現音樂魅力。', '2023-12-03 00:55:52', '2023-12-08 15:12:01', 1),
(26, '古典鋼琴啟蒙課', 1500, 1, 6, 23, '24.jpg', '融入台灣音樂元素，古典鋼琴深度挖掘，精緻技法演繹，培養學員音樂品味，啟發個人創作風格，探索琴鍵之美。', '2023-12-02 03:51:52', '2023-12-03 10:58:04', 1),
(27, '台灣電子鍵盤創作班', 2250, 1, 7, 24, '25.jpg', '台灣古典鋼琴高階課，深入探討複雜曲目和表現技巧，專業導師指導，提升音樂造詣，揮灑琴鍵間的情感。', '2023-12-01 16:29:35', '2023-12-15 21:36:31', 1),
(28, '流行吉他基礎課', 1500, 2, 8, 25, '27.jpg', '探索指彈吉他藝術，習得指法技巧，演繹流行、古典曲目，專業導師細心指導，挖掘音樂的豐富層次。', '2023-12-03 12:31:10', '2023-12-10 03:02:26', 1),
(29, '基礎鼓', 1500, 4, 9, 26, '29.jpg', '鼓手風采，學習擊打技法，表現個人風格，加入樂團，感受音樂激情。專業指導助您成為出色的打擊樂手。', '2023-12-04 22:13:58', '2023-12-09 04:20:12', 1),
(30, '進階鼓', 1800, 4, 10, 27, '30.jpg', '爵士鼓課程，律動掌握，即興演奏，培養打擊音樂家。專業指導助您掌握爵士鼓的精髓，成就音樂之旅。', '2023-12-03 15:50:17', '2023-12-15 04:27:17', 1);

-- --------------------------------------------------------

--
-- 資料表結構 `lesson_category`
--

CREATE TABLE `lesson_category` (
  `id` int(2) UNSIGNED NOT NULL,
  `name` varchar(6) CHARACTER SET utf8 COLLATE utf8_general_ci NOT NULL,
  `valid` tinyint(1) NOT NULL DEFAULT 1
) ENGINE=InnoDB DEFAULT CHARSET=utf8mb4 COLLATE=utf8mb4_unicode_ci;

--
-- 傾印資料表的資料 `lesson_category`
--

INSERT INTO `lesson_category` (`id`, `name`, `valid`) VALUES
(1, '鋼琴教學', 1),
(2, '吉他', 1),
(3, '樂理', 1),
(4, '鼓', 1);

-- --------------------------------------------------------

--
-- 資料表結構 `lesson_order`
--

CREATE TABLE `lesson_order` (
  `orderID` int(11) UNSIGNED NOT NULL,
  `user_id` int(6) UNSIGNED DEFAULT NULL,
  `date` datetime NOT NULL
) ENGINE=InnoDB DEFAULT CHARSET=utf8mb4 COLLATE=utf8mb4_unicode_ci;

--
-- 傾印資料表的資料 `lesson_order`
--

INSERT INTO `lesson_order` (`orderID`, `user_id`, `date`) VALUES
(1, 20, '2023-11-30 20:46:26'),
(2, 16, '2023-12-05 10:56:53'),
(3, 3, '2023-12-01 10:57:54'),
(4, 57, '2023-12-02 20:03:47'),
(5, 0, '2023-12-02 03:03:40'),
(6, 8, '2023-12-05 05:53:28'),
(7, 29, '2023-12-05 12:37:04'),
(8, 25, '2023-12-02 22:20:15'),
(9, 26, '2023-12-05 03:23:39'),
(10, 24, '2023-12-06 05:52:01'),
(11, 25, '2023-12-03 22:39:03'),
(12, 36, '2023-12-04 04:55:30'),
(13, 44, '2023-12-03 13:47:13'),
(14, 55, '2023-11-30 17:11:29'),
(15, 10, '2023-12-06 20:41:10'),
(16, 35, '2023-12-02 08:34:38'),
(17, 4, '2023-11-30 22:31:30'),
(18, 13, '2023-12-06 16:04:43'),
(19, 27, '2023-12-01 19:11:49'),
(20, 9, '2023-11-30 20:47:31'),
(21, 42, '2023-12-04 21:24:35'),
(22, 24, '2023-12-05 11:20:44'),
(23, 45, '2023-12-03 22:26:07'),
(24, 25, '2023-12-04 13:35:01'),
(25, 6, '2023-12-01 16:12:01'),
(26, 59, '2023-12-01 03:33:11'),
(27, 12, '2023-12-02 15:38:47'),
(28, 11, '2023-12-01 21:50:42'),
(29, 22, '2023-12-05 04:03:53'),
(30, 1, '2023-12-02 22:22:02');

-- --------------------------------------------------------

--
-- 資料表結構 `lesson_order_items`
--

CREATE TABLE `lesson_order_items` (
  `id` int(11) NOT NULL,
  `lessonID` int(6) DEFAULT NULL
) ENGINE=InnoDB DEFAULT CHARSET=utf8mb4 COLLATE=utf8mb4_unicode_ci;

--
-- 傾印資料表的資料 `lesson_order_items`
--

INSERT INTO `lesson_order_items` (`id`, `lessonID`) VALUES
(1, 2),
(2, 16),
(3, 19),
(4, 29),
(5, 24),
(6, 21),
(7, 9),
(8, 1),
(9, 9),
(10, 11),
(11, 21),
(12, 30),
(13, 13),
(14, 15),
(15, 27),
(16, 26),
(17, 18),
(18, 2),
(19, 17),
(20, 20),
(21, 24),
(22, 3),
(23, 16),
(24, 12),
(25, 10),
(26, 5),
(27, 2),
(28, 19),
(29, 24),
(30, 13);

-- --------------------------------------------------------

--
-- 資料表結構 `teacher_info`
--

CREATE TABLE `teacher_info` (
  `id` int(6) UNSIGNED NOT NULL,
  `name` varchar(25) NOT NULL,
  `img` varchar(100) NOT NULL,
  `info` text NOT NULL,
  `email` varchar(30) NOT NULL,
  `valid` tinyint(1) NOT NULL
) ENGINE=InnoDB DEFAULT CHARSET=utf8mb4 COLLATE=utf8mb4_unicode_ci;

--
-- 傾印資料表的資料 `teacher_info`
--

INSERT INTO `teacher_info` (`id`, `name`, `img`, `info`, `email`, `valid`) VALUES
(1, 'Sofia_Hsieh123', 'sofia_Hsieh.jpg', '謝枚玲現任功學社復興音樂中心，班主任、團體/個別鋼琴課講師。畢業於國立台灣藝術大學，從事鋼琴教學逾15年以上，擅長古典/流行鋼琴教學及山葉鋼琴檢定指導。', 'Sofia_Hsieh@gmail.com', 1),
(2, 'chenchen', 'chenchen.jpg', '何真真風潮唱片藝人、製作人，發行多張暢銷鋼琴演奏原創專輯，也是多所大學流行音樂兼任助理教授，唯一華人碩士畢業並獲獎學金於世界頂尖流行音樂學院Berklee College of Music ，並獲得最高榮譽昆西瓊斯獎，回台後從事爵士流行鋼琴演奏、作曲、編曲、製作，自在由走各種風格、電視、廣告、戲劇、音樂劇、線上遊戲等多媒體配樂，是全才型的音樂創作人與鋼琴演奏家。鋼琴與作曲編曲教學超過20年。培育多位金鐘、金曲獎學生，不藏私栽培指導優秀學生無數。', 'ho.chenchen@gmail.com', 1),
(3, 'yeh', 'yeh.webp', '葉子維\n前強辯樂團吉他手，目前任教於高雄海頓樂器行。 教授內容包含木吉他、電吉他演奏，錄音編曲等。', 'yeh@gmail.com', 1),
(4, 'yehyu', 'yehyu.avif', '職業吉他手、作曲編曲家、音樂教育者。 臺灣師範大學音樂系流行音樂產學所。 為 Youtube 知名吉他教學單元【葉宇峻彈吉他】作者，以超過20年的表演及教學經驗提供最專業，有效率的學習方法與觀念，製作過超過300支以上的教學及演奏影片，影片觀看人數次已超過三百萬人。 現在將以此教學法再深度延伸，於【好學校】平台開設教學單元，以本身專業的音樂學院訓練背景提供學習者最正確的路徑 。課程內容皆包含理論與實務操作，絕對會是市面上學習效率最佳的音樂課程。 葉宇峻彈吉他', 'yehyu@gmail.com', 1),
(5, 'thisball', 'thisball.avif', '這球音樂教室，在台北服務十餘年，致力提供優良教學內容以及優秀師資。讓對音樂有興趣的朋友們都能朝著自己的夢想前進 這球給你勇氣 這球給你熱情 最後才是技巧 這就是我們的秘密', 'theballmusicstudio@gmail.com', 1),
(6, 'Dear', 'Dear.jpg', '擁有爵士名校百克里音樂學院Berklee College of Music專業音樂文憑，與紐約州立大學State University of New York鋼琴演奏音樂碩士，為同時擅長爵士與古典音樂的鋼琴家。 逾20年鋼琴教學與音樂講師經驗，曾任大學學院音樂系、表演藝術系、中學音樂班、及鋼琴檢定考試評審委員等。常年輔導學生檢定考試、鋼琴比賽、與申請國內外音樂系所。亦常受大學、鋼琴協會、音樂機構等邀請演講音樂相關講座。 出版著作有爵士鋼琴檢定範本與教師手冊、流行鋼琴超詳細影音系列教學、鋼琴彈唱伴奏影音教學、多元智慧開發音樂資料庫編輯等。 音樂錄製有風潮唱片線上原創鋼琴獨奏專輯 「琴樣彩繪 」，文建會青少年原創音樂專輯、高中音樂課本有聲教材等。 演出方面有逾百場活動宴會與校園演奏經驗，諸如中央及縣市政府音樂會，耶誕跨年音樂會、藝文單位演奏、公益音樂會等等。演奏型態風格多元，包括鋼琴獨奏、室內樂、爵士樂團、與聲樂伴奏等。 在教學與演出活動之外，並積極從事鋼琴音樂創作、教材編寫與音樂推廣活動，期多方貢獻心力於音樂教育與表演藝術。', 'charlotte@gmail.com', 1),
(7, 'dindon', 'dindon.jpg', '現為專職音樂工作者、安妮朵拉樂團主奏吉他手，專業編曲、教學及演奏。長期致力於吉他教育推廣，授課經驗達十餘年，音樂風格主攻現代音樂，如藍調、民謠、搖滾、放克、拉丁、爵士…等。 擅長現代和聲的應用，能有效幫助學生們解決樂理方面的各種問題。 重視演奏與樂理兩者的活用。除了教導成為優秀的演奏者之外，更應具備創作及編曲的能力，幫助學生往專業的音樂人之路邁進。', 'dingdongjazz@gmail.com', 1),
(8, 'hao', 'hao.avif', '♫好聲音來自好樂器 節奏來自心跳，是人類與生俱來的本能，豪聲樂器自民國77年成立至今，代理世界各大知名樂器品牌，主要做打擊樂進出口貿易，另有長笛、手風琴、鋼琴等樂器。 自有品牌HAOSEN為台灣教育樂器品牌，堅持提供孩子最好的啟蒙環境：MIT台灣製造、職人細緻打磨調音，近年來已拓展市場外銷至世界各地，包含美國、加拿大、日本、泰國、印尼、澳洲、杜拜、英國、德國與其他歐洲國家。', 'hao@gmail.com', 1),
(9, 'fish', 'fish.avif', '活躍於兩岸三地音樂圈，不時參與各大音樂節、演唱會、專輯錄音活動；近年更以爵士樂手身份參與各地爵士演出。至今已參與/發行過五張爵士專輯，也錄製過無數藝人的專輯作品，不僅為華人巨星劉德華指定世界巡回演唱會鼓手，更曾以 Band Leader 的身分與伍思凱於亞洲進行了近20場演唱會，2020年更受邀擔任台灣金音獎評審一職。近年子瑜重心放在台灣香港兩地，除了爵士與流行的演出與製作之外，更致力於推廣爵士鼓教育，經營「黃子瑜鼓教室」YouTube 頻道。現為Canopus Drums、Meinl Cymbals、Schlagwerk 代言人，樂團「R.O.O.T」鼓手，目前任教於台南藝術大學。', 'fish@gmail.com', 1),
(10, 'La', 'La.jpg', '國內少見精通歐、亞、美、非等地手鼓藝術的擊樂演奏家，擅長二胡、拉丁打擊樂器、中國打擊樂器、世界手鼓、爵士鼓等多項樂器。近年來更以紮實的國樂素養以及多方位的打擊才華，跨足世界音樂、爵士樂、拉丁音樂、流行音樂等各領域， 優異的演奏能力、跨界融合的才華與豐富的表演經驗使他成為當今國內最炙手可熱的世界音樂演奏家之一。\n從大型流行音樂巡迴演唱會到與國家級樂團合作演出的藝術殿堂，都能見到他為音樂畫龍點睛的神采。 曾與台北市立國樂團、國家國樂團、日本鬼太鼓座、馬修連恩、阮丹青、張惠妹、任賢齊、黃小琥、高勝美、庾澄慶、戴佩妮、江蕙、劉若英、周杰倫、鳳飛飛、陳小霞、聲動樂團、絲竹空爵士樂團、舞工廠等合作演出。從2004年至今多次受邀赴歐、美各國演出，參與上千場演出經驗。', 'la@gmail.com', 1),
(11, 'su', 'su.avif', '時空膠囊音樂社負責人，獨立音樂創作人，製作人，編曲，功學社、這球音樂教室吉他講師。參與過許多音樂製作案、演出、個人音樂作品與書籍出版。', 'su@gmail.com', 1),
(12, 'shu', 'shu.jpg', '音樂人, 創作者, 吉他手. 因與芭莎諾瓦(Bossa Nova)及探戈(Tango)音樂結緣而愛上南美洲 音樂充滿拉丁靈魂, 多次遠赴南美洲(巴西及阿根廷)學習音樂 為國內專門演奏巴西音樂的\"咻樂風\"樂團團長, 2005發行首張演奏專輯\"出發\" 目前除了擔任歌手以莉高露的樂手外, 音樂作品也出現在紀錄片, 劇場及音樂演奏專輯中', 'shu@gmail.com', 1),
(13, 'yellow', 'yellow.jpg', '北京現代音樂研休學院 主修爵士鼓 創立鼓爵音樂 廣告編曲師 唱作家 作品2百餘首 著作:老天爺的十一堂課', 'yellow@gmail.com', 1),
(14, 'amazingshow', 'amazingshow.jpg', '美秀集團鼓手，入圍2019金曲獎最佳新人獎及最佳樂團獎、曾獲2016原創流行音樂大賞河洛語組貳獎、入圍金音創作獎「最佳現場演出」、「最佳新人」、「最佳搖滾單曲」、曾獲洋獨立音樂大賞評審團大獎。單曲MV「捲菸」於破千萬點閱次數。同時亦為Beyond Cure鼓手、曾任血肉果汁機Flesh Juicer客座鼓手，演出經歷包含大港開唱、火球祭、覺醒音樂祭等台灣大型音樂祭，表演遍及新加坡、馬來西亞、韓國…等。', 'show@gmail.com', 1),
(15, 'didi', 'didi.jpg', '厭世少年⿎⼿，曾合作藝⼈包括李千娜、莫宰⽺、鄭興、duduking 、林正、⽻伶、柔米…等。樂團曾入圍第三⼗屆⾦曲最佳新⼈獎 、第⼗七屆海洋⾳樂祭評審團⼤獎、第⼀屆台北週末⾳樂不斷電第⼀名，參與製作“Rap ’n Roll”入圍第⼗屆⾦⾳獎最佳 嘻哈專輯獎。曾擔任老王樂隊、記號⼠客座⿎⼿、、霓虹愛神⿎⼿，前海豚刑警⿎⼿、輔⼤爵⼠⼤樂團⿎⼿。擅長 Rock、Funk、Jazz、Hip hop、GospelChops等風格。', 'didi@gmail.com', 1),
(16, 'pan', 'pan.jpg', '胖虎樂團、DSPS樂團⿎⼿，PAISTE銅鈸臺灣代⾔⼈。曾獲第六屆海洋⾳樂季海洋⼤賞，活躍於全臺各⼤⾳樂季及 Live House。2014胖虎開始了海外巡迴，在中國及日本展開長達一個月的演出足跡遍佈20多個城市，2017年DSPS因受到日本聽眾喜愛，開始了日本Live House的巡迴，曾到過東京、京都、大阪、福岡、名古屋、沖繩、靜岡、長野、山形，2018到2019受邀參加靜岡FUJI&SUN音樂祭、兵庫ONE MUSIC CAMP音樂祭、山形寺フェス音樂祭、長野りんご音楽祭、上野Taiwan Beats 台ワンダフルTaiwan Plus等，除此之外海外巡迴足跡也遍佈中國、香港、韓國。擅長Punk、 Indie、Rock 等風格，音樂作品以鼓組編曲見長，初階、中階段教學著重於節奏的認識、基礎樂理知識的建構以及認識各種類型的音樂，進階階段教學著重於培養學生聽力、內在節拍、time feel等，強調將所學技巧應用於歌曲演奏之中，並開始應用所學技巧來即興，引導學生創造出屬於自己的風格及聲音。', 'pan@gmail.com', 1),
(17, 'drew', 'drew.jpg', '擁有超過15年的音樂生涯，精湛的節奏感和獨特的鼓風格使他在樂壇備受矚目。雷根斯經常融合各種音樂風格，從搖滾到爵士，都能輕鬆自如。他的動感打擊和熱情演奏，讓他成為許多樂團首選的鼓手之一。無論是在巡迴演出還是錄音室工作，雷根斯總是以他獨特的音樂觸覺為樂曲增色不少，深受樂迷喜愛。', 'drew@gmail.com', 1),
(18, 'ru', 'ru.jpg', '張婉如 - 擁有豐富的鋼琴教學經驗，注重基礎訓練，啟發學生音樂潛力。', 'moly@gmail.com', 1),
(19, 'ming', 'ming.jpg', '王志明 - 專業吉他手，曾參與多個樂團演出，擅長流行音樂風格和即興演奏。', 'dance@gmail.com', 1),
(20, 'bing', 'bing.jpg', '李文彬 - 爵士鋼琴家，豐富的合奏經驗，致力於培養學生合作演奏的能力。', 'yang@gmail.com', 1),
(21, 'yee', 'yee.jpg', '陳怡君 - 台灣知名鋼琴家，專攻古典和現代作品，擁有豐富的演奏和教學經驗。', 'lin@gmail.com', 1),
(22, 'te', 'te.jpg', '林宗德 - 打擊樂手，經驗豐富，擅長教授台灣傳統和現代打擊樂器。', 'fun@gmail.com', 1),
(23, 'wen', 'wen.jpg', '黃雅文 - 古典鋼琴家，以其純熟的技巧和對音樂的熱愛而受到讚譽。', 'ting@gmail.com', 1),
(24, 'lee', 'lee.jpg', '張立德 - 電子音樂製作人，擁有豐富的創作和製作經驗，激發學生創意。', 'bonita@gmail.com', 1),
(25, 'muah', 'muah.jpg', '陳明志 - 專業吉他手，重視基礎訓練，將各種流行音樂風格帶入課堂。', 'ming@gmail.com', 1),
(26, 'quan', 'quan.jpg', '李翰霖 - 打擊樂手，著重於打擊節奏感的培養，深受學生喜愛。', 'hans@gmail.com', 1),
(27, 'ita', 'ita.png', '吳佳宏 - 鼓手，擁有多年演奏經驗，專注於教導高難度的鼓擊技巧。', 'huen@gmail.com', 1);

-- --------------------------------------------------------

--
-- 資料表結構 `transportation`
--

CREATE TABLE `transportation` (
  `id` int(2) NOT NULL,
  `state` varchar(6) NOT NULL
) ENGINE=InnoDB DEFAULT CHARSET=utf8mb4 COLLATE=utf8mb4_general_ci;

--
-- 傾印資料表的資料 `transportation`
--

INSERT INTO `transportation` (`id`, `state`) VALUES
(1, '訂單成立'),
(2, '運送中'),
(3, '已送達');

-- --------------------------------------------------------

--
-- 資料表結構 `users`
--

CREATE TABLE `users` (
  `id` int(6) NOT NULL,
  `name` varchar(25) NOT NULL,
  `email` varchar(30) NOT NULL,
  `password` varchar(50) NOT NULL,
  `phone` varchar(10) DEFAULT NULL,
  `address` varchar(60) DEFAULT NULL,
  `learning_score` int(3) DEFAULT NULL,
  `created_time` datetime NOT NULL,
  `updated_time` datetime DEFAULT NULL,
  `valid` tinyint(4) NOT NULL DEFAULT 1
) ENGINE=InnoDB DEFAULT CHARSET=utf8mb4 COLLATE=utf8mb4_unicode_ci;

--
-- 傾印資料表的資料 `users`
--

INSERT INTO `users` (`id`, `name`, `email`, `password`, `phone`, `address`, `learning_score`, `created_time`, `updated_time`, `valid`) VALUES
(1, '金又瑗', 'john4713@gmail.com', 'w33g7sMx', '0927438822', '10848臺北市萬華區華西街64號', 36, '2023-12-03 07:50:13', '2023-12-12 04:04:37', 1),
(2, '高全永', 'kudrow1898@gmail.com', 'XkJnEyLR', '0927094940', '91350屏東縣萬丹鄉頂本路5號10樓', 36, '2023-12-04 08:04:47', '0000-00-00 00:00:00', 1),
(3, '鐘傑元', 'harmon4652@gmail.com', '8X7x6bSu', '0910047354', '95046臺東縣臺東市同樂街87號6樓', 82, '2023-11-30 23:28:46', '0000-00-00 00:00:00', 1),
(4, '陳嬡曼', 'mcneil7187@icloud.com', 'tMeWc63f', '0986991294', '52763彰化縣大城鄉東西路74號12樓', 79, '2023-12-01 10:32:49', '0000-00-00 00:00:00', 1),
(5, '蘇政鷺', 'ralph8052@icloud.com', 'PVuX93Z7', '0929213342', '30243新竹縣竹北市華興三街11號3樓', 99, '2023-12-02 15:43:13', '0000-00-00 00:00:00', 1),
(6, '范盛遙', 'maddux2349@outlook.com', 'eJ49R2V5', '0912706431', '82945高雄市湖內區信義路87號之2', 65, '2023-12-03 13:51:30', '0000-00-00 00:00:00', 1),
(7, '朱意雲', 'tony7476@gmail.com', 'DwJ6G76V', '0952842538', '26058宜蘭縣宜蘭市校舍路10號11樓之15', 80, '2023-12-02 20:29:12', '0000-00-00 00:00:00', 1),
(8, '簡彤淳', 'benjamin4371@outlook.com', 'Z2YKwc4E', '0933198741', '32443桃園市平鎮區延平路２段22號', 69, '2023-11-30 06:32:45', '0000-00-00 00:00:00', 1),
(9, '鐘坤廷', 'miller933@gmail.com', 'q5e35Xq7', '0936519017', '41154臺中市太平區永祥街42號', 9, '2023-12-04 19:23:55', '0000-00-00 00:00:00', 1),
(10, '朱志明', 'baker1943@gmail.com', '7n9bc23P', '0912392224', '93248屏東縣新園鄉義仁路6號8樓', 69, '2023-11-30 16:38:22', '0000-00-00 00:00:00', 1),
(11, '魏業眾', 'kennedy4694@yahoo.com', '9LpHV873', '0917941933', '97056花蓮縣花蓮市國民八街38號', 8, '2023-12-05 05:55:45', '0000-00-00 00:00:00', 1),
(12, '陳依淳', 'mcadams1137@yahoo.com', '5ANa59r3', '0936025235', '97143花蓮縣新城鄉嘉北一街72號', 70, '2023-12-04 05:09:09', '0000-00-00 00:00:00', 1),
(13, '蔡天旭', 'adrian6422@yahoo.com', '8DV7BBLa', '0912312423', '10083臺北市中正區廈門街90號', 90, '2023-12-05 04:04:45', '0000-00-00 00:00:00', 1),
(14, '蔡嬌懿', 'ruben5832@outlook.com', 'NZupmQKL', '0932028084', '23581新北市中和區秀朗路３段85號7樓', 29, '2023-12-03 04:17:59', '0000-00-00 00:00:00', 1),
(15, '蘇懿於', 'selina6453@yahoo.com', 'vktc2p5r', '0935820313', '80047高雄市新興區自立橫路77號', 30, '2023-12-04 04:51:37', '0000-00-00 00:00:00', 1),
(16, '廖勵影', 'kelly8601@outlook.com', 'UA5xyh42', '0936656105', '23585新北市中和區建一路57號', 2, '2023-12-02 21:04:12', '0000-00-00 00:00:00', 1),
(17, '吳浩邦', 'ryder5916@gmail.com', 'AQ953w34', '0937585347', '40761臺中市西屯區中清路２段63號12樓', 97, '2023-12-05 23:21:49', '0000-00-00 00:00:00', 1),
(18, '趙南甯', 'mindy9124@icloud.com', 'FJBf36m5', '0987089831', '10467臺北市中山區民生東路２段7號', 32, '2023-12-01 02:16:38', '0000-00-00 00:00:00', 1),
(19, '張年禹', 'andy4844@outlook.com', 'J3cb6GLC', '0971161406', '33848桃園市蘆竹區聯福街聯福巷73號', 65, '2023-12-04 16:49:37', '0000-00-00 00:00:00', 1),
(20, '郭沛菡', 'briggs4542@hotmail.com', 'N6H2J9hX', '0914115027', '32060桃園市中壢區內定二街84號', 59, '2023-11-30 00:31:02', '0000-00-00 00:00:00', 1),
(21, '胡方星', 'caroline4193@gmail.com', 'PT37c78e', '0921288518', '71149臺南市歸仁區中正十街21號', 25, '2023-12-02 02:17:57', '0000-00-00 00:00:00', 1),
(22, '魏信思', 'kiley7195@yahoo.com', 'VCwy4J93', '0917086573', '52343彰化縣埤頭鄉東環路２段24號之1', 99, '2023-12-01 16:37:58', '0000-00-00 00:00:00', 1),
(23, '林郁雅', 'noah3462@yahoo.com', '74z675UC', '0971739729', '11069臺北市信義區松信路38號5樓', 80, '2023-11-30 05:54:03', '0000-00-00 00:00:00', 1),
(24, '林彌煒', 'coombs7011@gmail.com', 'zBUVfe72', '0987555808', '71058臺南市永康區忠孝一路81號8樓', 38, '2023-11-30 20:33:44', '0000-00-00 00:00:00', 1),
(25, '蔡正清', 'nolan4878@gmail.com', 'qR3WNGGr', '0936891653', '90444屏東縣九如鄉文化街45號之13', 42, '2023-12-03 09:08:50', '0000-00-00 00:00:00', 1),
(26, '邵曉琪', 'eich7537@gmail.com', '2B7JEYDk', '0935729661', '81157高雄市楠梓區高楠公路59號', 48, '2023-11-30 06:20:32', '0000-00-00 00:00:00', 1),
(27, '林彥木', 'gustavo3195@hotmail.com', '6PW5mKRX', '0971788165', '10047臺北市中正區許昌街25號7樓之19', 3, '2023-12-01 10:30:19', '0000-00-00 00:00:00', 1),
(28, '李凌淑', 'christy6032@outlook.com', '49wBYF4D', '0918086177', '23155新北市新店區車子路9號8樓', 59, '2023-12-01 12:20:04', '0000-00-00 00:00:00', 1),
(29, '許品晉', 'mallette5493@gmail.com', 'HV8Bc3fR', '0914136771', '40347臺中市西區五權一街28號之17', 68, '2023-12-03 21:41:05', '0000-00-00 00:00:00', 1),
(30, '林世鑫', 'peterson1491@hotmail.com', 'yDuxsM27', '0968125176', '35443苗栗縣獅潭鄉大寮90號7樓', 84, '2023-12-04 20:26:17', '0000-00-00 00:00:00', 1),
(31, '劉泰齊', 'maddux9686@gmail.com', '9c9KPfEe', '0956657606', '81146高雄市楠梓區三山街52號12樓之9', 34, '2023-12-02 07:43:55', '0000-00-00 00:00:00', 1),
(32, '白正金', 'alyssa7774@gmail.com', '4826FQBG', '0953559395', '97351花蓮縣吉安鄉南埔十街20號', 59, '2023-11-30 16:25:45', '0000-00-00 00:00:00', 1),
(33, '劉保裕', 'marissa5995@gmail.com', '2D5S94rF', '0923796693', '63043雲林縣斗南鎮二重溝46號之4', 95, '2023-11-30 11:44:19', '0000-00-00 00:00:00', 1),
(34, '楊任均', 'gerard5737@outlook.com', 'kw4a22u2', '0931901889', '89345金門縣金城鎮林湖路63號之2', 77, '2023-12-04 06:07:24', '0000-00-00 00:00:00', 1),
(35, '王峻許', 'glenn9519@gmail.com', 'VeF6D357', '0931424439', '32455桃園市平鎮區環南路３段39號之12', 25, '2023-12-04 06:59:05', '0000-00-00 00:00:00', 1),
(36, '陳穎雪', 'briana7271@outlook.com', 'vM8MHWVS', '0923614124', '26966宜蘭縣冬山鄉武罕三路37號', 65, '2023-11-30 01:34:27', '0000-00-00 00:00:00', 1),
(37, '廖容尚', 'fernando1037@gmail.com', '54sTRSk3', '0936064509', '97350花蓮縣吉安鄉南昌北路98號4樓', 12, '2023-12-02 10:02:55', '0000-00-00 00:00:00', 1),
(38, '陳佳昕', 'rachel3299@gmail.com', 'eS3Bc8U6', '0917391410', '24249新北市新莊區中和街81號9樓', 92, '2023-12-05 17:00:25', '0000-00-00 00:00:00', 1),
(39, '陳木温', 'gaddis7326@gmail.com', 'Bdm34357', '0952078743', '51445彰化縣溪湖鎮立言街75號', 91, '2023-12-03 00:25:34', '0000-00-00 00:00:00', 1),
(40, '林姿泓', 'haddock7676@outlook.com', '3wTB4Ex4', '0917478737', '26444宜蘭縣員山鄉榮光路12號', 49, '2023-12-03 00:54:09', '0000-00-00 00:00:00', 1),
(41, '郭劉祟', 'jackson7841@gmail.com', '2e3R6qeB', '0923639568', '27048宜蘭縣蘇澳鎮中山路２段88號9樓', 1, '2023-12-01 12:26:44', '0000-00-00 00:00:00', 1),
(42, '李爍蓁', 'teller4534@yahoo.com', '92E723wF', '0972231186', '10588臺北市松山區富錦街74號7樓', 79, '2023-12-04 18:07:15', '0000-00-00 00:00:00', 1),
(43, '陸波皓', 'william6403@hotmail.com', '85y9W7d4', '0982165344', '22184新北市汐止區大同路２段46號', 86, '2023-11-30 06:50:46', '0000-00-00 00:00:00', 1),
(44, '阮蓁賢', 'billy476@gmail.com', 'bZZ29527', '0922795356', '40459臺中市北區北屯路22號', 13, '2023-12-03 23:56:16', '0000-00-00 00:00:00', 1),
(45, '吳浩維', 'caitlin7486@icloud.com', 'aF3627DA', '0913737906', '54544南投縣埔里鎮中台路68號', 38, '2023-12-02 19:43:00', '0000-00-00 00:00:00', 1),
(46, '翁芷霞', 'sebastian3307@hotmail.com', 'bCQB2772', '0923551972', '40041臺中市中區中華路１段79號', 73, '2023-12-05 04:23:37', '0000-00-00 00:00:00', 1),
(47, '陳功楠', 'farmiga1579@icloud.com', 'y7TRXp6J', '0987025512', '82243高雄市阿蓮區頂安街69號', 99, '2023-12-05 15:12:34', '0000-00-00 00:00:00', 1),
(48, '洪千鋒', 'emma2968@gmail.com', '68pW3zkV', '0914806521', '94648屏東縣恆春鎮南灣路52號5樓之2', 57, '2023-12-03 22:39:34', '0000-00-00 00:00:00', 1),
(49, '鄭芯青', 'mullally6746@yahoo.com', 'KxX5cMVQ', '0986075469', '23447新北市永和區雙和街33號6樓', 71, '2023-11-30 15:25:37', '0000-00-00 00:00:00', 1),
(50, '許孝筱', 'jones809@gmail.com', 't4TD3Zy7', '0927332782', '62242嘉義縣大林鎮中正路40號3樓', 85, '2023-12-03 09:46:22', '0000-00-00 00:00:00', 1),
(51, '馮昱陽', 'scott8298@gmail.com', 'ZJ2HLb6R', '0927948757', '98141花蓮縣玉里鎮建國三街19號3樓', 63, '2023-12-02 12:16:59', '0000-00-00 00:00:00', 1),
(52, '馮一莎', 'buckley459@hotmail.com', 'xuF5rv92', '0939599545', '52043彰化縣田中鎮十全街71號4樓之19', 37, '2023-12-05 06:47:18', '0000-00-00 00:00:00', 1),
(53, '高品恆', 'atlas2045@gmail.com', 'YD79PZbV', '0972224793', '80666高雄市前鎮區后南街49號之15', 61, '2023-12-03 06:21:13', '0000-00-00 00:00:00', 1),
(54, '黃元鑫', 'collins513@yahoo.com', '86r6TmL2', '0961051618', '36842苗栗縣西湖鄉龍洞4號4樓', 99, '2023-12-05 09:12:20', '0000-00-00 00:00:00', 1),
(55, '曾卓禧', 'buckley2698@hotmail.com', 'Kkc6s597', '0916825480', '33371桃園市龜山區樂安街41號4樓', 53, '2023-11-30 01:22:44', '0000-00-00 00:00:00', 1),
(56, '高理瑜', 'mcneil7320@gmail.com', 'Bbvd65FL', '0931329291', '91242屏東縣內埔鄉安和巷65號6樓之1', 22, '2023-11-30 08:41:47', '0000-00-00 00:00:00', 1),
(57, '莊初鈺', 'peters4910@gmail.com', 'Xee9N874', '0953042234', '26950宜蘭縣冬山鄉東興路28號', 79, '2023-12-03 11:04:39', '0000-00-00 00:00:00', 1),
(58, '劉婭辰', 'richards3409@gmail.com', 'c6y64t6Z', '0923596706', '40763臺中市西屯區西屯路３段宏恩二巷54號', 85, '2023-12-01 01:11:49', '0000-00-00 00:00:00', 1),
(59, '柯帆棟', 'bledel5256@gmail.com', 'VNhmp2th', '0911047931', '41353臺中市霧峰區霧工六路49號', 29, '2023-12-04 18:23:53', '0000-00-00 00:00:00', 1),
(60, '謝港齊', 'hart5154@yahoo.com', 'xg8hE459', '921225038', '71081臺南市永康區竹林街15號', 25, '2023-11-30 00:06:24', '0000-00-00 00:00:00', 1),
(61, '俚歌', 'john471355@gmail.com', '202cb962ac59075b964b07152d234b70', NULL, NULL, NULL, '2023-12-15 04:06:23', NULL, 1);

--
-- 已傾印資料表的索引
--

--
-- 資料表索引 `article`
--
ALTER TABLE `article`
  ADD PRIMARY KEY (`id`);

--
-- 資料表索引 `article_category`
--
ALTER TABLE `article_category`
  ADD PRIMARY KEY (`id`);

--
-- 資料表索引 `brand`
--
ALTER TABLE `brand`
  ADD PRIMARY KEY (`id`);

--
-- 資料表索引 `classroom`
--
ALTER TABLE `classroom`
  ADD PRIMARY KEY (`id`);

--
-- 資料表索引 `classroom_order`
--
ALTER TABLE `classroom_order`
  ADD PRIMARY KEY (`orderID`);

--
-- 資料表索引 `classroom_order_items`
--
ALTER TABLE `classroom_order_items`
  ADD PRIMARY KEY (`id`);

--
-- 資料表索引 `classroom_region`
--
ALTER TABLE `classroom_region`
  ADD PRIMARY KEY (`id`);

--
-- 資料表索引 `coupon`
--
ALTER TABLE `coupon`
  ADD PRIMARY KEY (`id`);

--
-- 資料表索引 `coupon_kind`
--
ALTER TABLE `coupon_kind`
  ADD PRIMARY KEY (`id`);

--
-- 資料表索引 `coupon_status`
--
ALTER TABLE `coupon_status`
  ADD PRIMARY KEY (`id`);

--
-- 資料表索引 `coupon_type`
--
ALTER TABLE `coupon_type`
  ADD PRIMARY KEY (`id`);

--
-- 資料表索引 `instrument`
--
ALTER TABLE `instrument`
  ADD PRIMARY KEY (`id`);

--
-- 資料表索引 `instrument_category`
--
ALTER TABLE `instrument_category`
  ADD PRIMARY KEY (`id`);

--
-- 資料表索引 `instrument_order`
--
ALTER TABLE `instrument_order`
  ADD PRIMARY KEY (`orderID`),
  ADD KEY `user_id` (`user_id`),
  ADD KEY `transportation_state` (`transportation_state`);

--
-- 資料表索引 `instrument_order_items`
--
ALTER TABLE `instrument_order_items`
  ADD PRIMARY KEY (`id`,`productID`),
  ADD KEY `productID` (`productID`);

--
-- 資料表索引 `instrument_subcategory`
--
ALTER TABLE `instrument_subcategory`
  ADD PRIMARY KEY (`id`);

--
-- 資料表索引 `lesson`
--
ALTER TABLE `lesson`
  ADD PRIMARY KEY (`id`);

--
-- 資料表索引 `lesson_category`
--
ALTER TABLE `lesson_category`
  ADD PRIMARY KEY (`id`);

--
-- 資料表索引 `lesson_order`
--
ALTER TABLE `lesson_order`
  ADD PRIMARY KEY (`orderID`);

--
-- 資料表索引 `lesson_order_items`
--
ALTER TABLE `lesson_order_items`
  ADD PRIMARY KEY (`id`);

--
-- 資料表索引 `teacher_info`
--
ALTER TABLE `teacher_info`
  ADD PRIMARY KEY (`id`);

--
-- 資料表索引 `transportation`
--
ALTER TABLE `transportation`
  ADD PRIMARY KEY (`id`);

--
-- 資料表索引 `users`
--
ALTER TABLE `users`
  ADD PRIMARY KEY (`id`);

--
-- 在傾印的資料表使用自動遞增(AUTO_INCREMENT)
--

--
-- 使用資料表自動遞增(AUTO_INCREMENT) `article`
--
ALTER TABLE `article`
  MODIFY `id` int(6) NOT NULL AUTO_INCREMENT, AUTO_INCREMENT=31;

--
-- 使用資料表自動遞增(AUTO_INCREMENT) `article_category`
--
ALTER TABLE `article_category`
  MODIFY `id` int(2) NOT NULL AUTO_INCREMENT, AUTO_INCREMENT=3;

--
-- 使用資料表自動遞增(AUTO_INCREMENT) `brand`
--
ALTER TABLE `brand`
  MODIFY `id` int(10) UNSIGNED NOT NULL AUTO_INCREMENT, AUTO_INCREMENT=12;

--
-- 使用資料表自動遞增(AUTO_INCREMENT) `classroom`
--
ALTER TABLE `classroom`
  MODIFY `id` int(3) NOT NULL AUTO_INCREMENT, AUTO_INCREMENT=1002;

--
-- 使用資料表自動遞增(AUTO_INCREMENT) `classroom_order`
--
ALTER TABLE `classroom_order`
  MODIFY `orderID` int(11) NOT NULL AUTO_INCREMENT, AUTO_INCREMENT=31;

--
-- 使用資料表自動遞增(AUTO_INCREMENT) `classroom_order_items`
--
ALTER TABLE `classroom_order_items`
  MODIFY `id` int(11) NOT NULL AUTO_INCREMENT, AUTO_INCREMENT=31;

--
-- 使用資料表自動遞增(AUTO_INCREMENT) `classroom_region`
--
ALTER TABLE `classroom_region`
  MODIFY `id` int(11) NOT NULL AUTO_INCREMENT, AUTO_INCREMENT=6;

--
-- 使用資料表自動遞增(AUTO_INCREMENT) `coupon`
--
ALTER TABLE `coupon`
  MODIFY `id` int(6) NOT NULL AUTO_INCREMENT, AUTO_INCREMENT=33;

--
-- 使用資料表自動遞增(AUTO_INCREMENT) `coupon_kind`
--
ALTER TABLE `coupon_kind`
  MODIFY `id` int(3) NOT NULL AUTO_INCREMENT, AUTO_INCREMENT=3;

--
-- 使用資料表自動遞增(AUTO_INCREMENT) `coupon_status`
--
ALTER TABLE `coupon_status`
  MODIFY `id` int(3) NOT NULL AUTO_INCREMENT, AUTO_INCREMENT=3;

--
-- 使用資料表自動遞增(AUTO_INCREMENT) `coupon_type`
--
ALTER TABLE `coupon_type`
  MODIFY `id` int(3) NOT NULL AUTO_INCREMENT, AUTO_INCREMENT=3;

--
-- 使用資料表自動遞增(AUTO_INCREMENT) `instrument`
--
ALTER TABLE `instrument`
  MODIFY `id` int(6) UNSIGNED NOT NULL AUTO_INCREMENT, AUTO_INCREMENT=215;

--
-- 使用資料表自動遞增(AUTO_INCREMENT) `instrument_category`
--
ALTER TABLE `instrument_category`
  MODIFY `id` int(10) UNSIGNED NOT NULL AUTO_INCREMENT, AUTO_INCREMENT=8;

--
-- 使用資料表自動遞增(AUTO_INCREMENT) `instrument_order`
--
ALTER TABLE `instrument_order`
  MODIFY `orderID` int(10) UNSIGNED NOT NULL AUTO_INCREMENT, AUTO_INCREMENT=61;

--
-- 使用資料表自動遞增(AUTO_INCREMENT) `instrument_subcategory`
--
ALTER TABLE `instrument_subcategory`
  MODIFY `id` int(2) UNSIGNED NOT NULL AUTO_INCREMENT, AUTO_INCREMENT=22;

--
-- 使用資料表自動遞增(AUTO_INCREMENT) `lesson`
--
ALTER TABLE `lesson`
  MODIFY `id` int(6) UNSIGNED NOT NULL AUTO_INCREMENT, AUTO_INCREMENT=31;

--
-- 使用資料表自動遞增(AUTO_INCREMENT) `lesson_category`
--
ALTER TABLE `lesson_category`
  MODIFY `id` int(2) UNSIGNED NOT NULL AUTO_INCREMENT, AUTO_INCREMENT=5;

--
-- 使用資料表自動遞增(AUTO_INCREMENT) `lesson_order`
--
ALTER TABLE `lesson_order`
  MODIFY `orderID` int(11) UNSIGNED NOT NULL AUTO_INCREMENT, AUTO_INCREMENT=31;

--
-- 使用資料表自動遞增(AUTO_INCREMENT) `lesson_order_items`
--
ALTER TABLE `lesson_order_items`
  MODIFY `id` int(11) NOT NULL AUTO_INCREMENT, AUTO_INCREMENT=31;

--
-- 使用資料表自動遞增(AUTO_INCREMENT) `teacher_info`
--
ALTER TABLE `teacher_info`
  MODIFY `id` int(6) UNSIGNED NOT NULL AUTO_INCREMENT, AUTO_INCREMENT=28;

--
-- 使用資料表自動遞增(AUTO_INCREMENT) `users`
--
ALTER TABLE `users`
  MODIFY `id` int(6) NOT NULL AUTO_INCREMENT, AUTO_INCREMENT=62;

--
-- 已傾印資料表的限制式
--

--
-- 資料表的限制式 `instrument_order_items`
--
ALTER TABLE `instrument_order_items`
  ADD CONSTRAINT `instrument_order_items_ibfk_1` FOREIGN KEY (`id`) REFERENCES `instrument_order` (`orderID`),
  ADD CONSTRAINT `instrument_order_items_ibfk_2` FOREIGN KEY (`productID`) REFERENCES `instrument` (`id`);
COMMIT;

/*!40101 SET CHARACTER_SET_CLIENT=@OLD_CHARACTER_SET_CLIENT */;
/*!40101 SET CHARACTER_SET_RESULTS=@OLD_CHARACTER_SET_RESULTS */;
/*!40101 SET COLLATION_CONNECTION=@OLD_COLLATION_CONNECTION */;
